timestamp,POSE:utime,VUT lat,VUT lon,VUT x,VUT y,VUT sp,VUT lon sp,VUT lat sp,VUT acc,VUT lon acc,VUT lat acc,VUT heading,challenger heading,challenger x,challenger y,challenger z,challenger sp,challenger lon sp,challenger lat sp,challenger sp z,challenger acc,challenger lon acc,challenger lat acc,challenger acc z,object length,object width,object height
6.428008,1707330000000000,0,0,-166.981354,1668.145386,9,9,0,0,0,0,2.873347136,2.90503197952143,-223.515,1686.424,0,0,0,0,0,0,0,0,0,0.4,0.7,1.65
6.461283,1707330000000000,0,0,-167.270691,1668.224854,9,9,0,0,0,0,2.873347136,2.90503197952143,-223.515,1686.424,0,0,0,0,0,0,0,0,0,0.4,0.7,1.65
6.49452,1707330000000000,0,0,-167.560028,1668.304443,9,9,0,0,0,0,2.873347136,2.90503197952143,-223.515,1686.424,0,0,0,0,0,0,0,0,0,0.4,0.7,1.65
6.528546,1707330000000000,33.636421,-112.283392,-167.849365,1668.383911,9,9,0,0,0,0,2.873347136,2.90503197952143,-223.515,1686.424,0,0,0,0,0,0,0,0,0,0.4,0.7,1.65
6.561262,1707330000000000,33.636421,-112.283392,-168.138702,1668.463501,9,9,0,0,0,0,2.873347136,2.90503197952143,-223.515,1686.424,0,0,0,0,0,0,0,0,0,0.4,0.7,1.65
6.597983,1707330000000000,33.636421,-112.283392,-168.42804,1668.542969,9,9,0,0,0,0,2.873347136,2.90503197952143,-223.515,1686.424,0,0,0,0,0,0,0,0,0,0.4,0.7,1.65
6.629354,1707330000000000,33.636421,-112.283392,-168.717377,1668.622559,9,9,0,0,0,0,2.873347136,2.90503197952143,-223.515,1686.424,0,0,0,0,0,0,0,0,0,0.4,0.7,1.65
6.661616,1707330000000000,33.636423,-112.283401,-169.006714,1668.702026,9,9,0,0,0,0,2.873347136,2.90503197952143,-223.515,1686.424,0,0,0,0,0,0,0,0,0,0.4,0.7,1.65
6.694977,1707330000000000,33.636423,-112.283401,-169.296051,1668.781616,9,9,0,0,0,0,2.873347136,2.90503197952143,-223.515,1686.424,0,0,0,0,0,0,0,0,0,0.4,0.7,1.65
6.72874,1707330000000000,33.636423,-112.283401,-169.585388,1668.861084,9,9,0,0,0,0,2.873347136,2.90503197952143,-223.515,1686.424,0,0,0,0,0,0,0,0,0,0.4,0.7,1.65
6.761666,1707330000000000,33.636423,-112.283401,-169.874725,1668.940674,9,9,0,0,0,0,2.873347136,2.90503197952143,-223.515,1686.424,0,0,0,0,0,0,0,0,0,0.4,0.7,1.65
6.795037,1707330000000000,33.636425,-112.28341,-170.164062,1669.020142,9,9,0,0,0,0,2.873347136,2.90503197952143,-223.515,1686.424,0,0,0,0,0,0,0,0,0,0.4,0.7,1.65
6.828398,1707330000000000,33.636425,-112.28341,-170.4534,1669.099609,9,9,0,0,0,0,2.873347136,2.90503197952143,-223.515,1686.424,0,0,0,0,0,0,0,0,0,0.4,0.7,1.65
6.862641,1707330000000000,33.636425,-112.28341,-170.742737,1669.179199,9,9,0,0,0,0,2.873347136,2.90503197952143,-223.515,1686.424,0,0,0,0,0,0,0,0,0,0.4,0.7,1.65
6.895826,1707330000000000,33.636425,-112.28341,-171.032074,1669.258667,9,9,0,0,0,0,2.873347136,2.90503197952143,-223.515,1686.424,0,0,0,0,0,0,0,0,0,0.4,0.7,1.65
6.929336,1707330000000000,33.636428,-112.28342,-171.321411,1669.338257,9,9,0,0,0,0,2.873347136,2.90503197952143,-223.515,1686.424,0,0,0,0,0,0,0,0,0,0.4,0.7,1.65
6.962696,1707330000000000,33.636428,-112.28342,-171.610748,1669.417725,9,9,0,0,0,0,2.873347136,2.90503197952143,-223.515,1686.424,0,0,0,0,0,0,0,0,0,0.4,0.7,1.65
6.998304,1707330000000000,33.636428,-112.28342,-171.900085,1669.497314,9,9,0,0,0,0,2.873347136,2.90503197952143,-223.515,1686.424,0,0,0,0,0,0,0,0,0,0.4,0.7,1.65
7.029352,1707330000000000,33.636428,-112.28342,-172.189423,1669.576782,9,9,0,0,0,0,2.873347136,2.90503197952143,-223.515,1686.424,0,0,0,0,0,0,0,0,0,0.4,0.7,1.65
7.062857,1707330000000000,33.63643,-112.283429,-172.47876,1669.656372,9,9,0,0,0,0,2.873347136,2.90503197952143,-223.515,1686.424,0,0,0,0,0,0,0,0,0,0.4,0.7,1.65
7.096813,1707330000000000,33.63643,-112.283429,-172.768097,1669.73584,9,9,0,0,0,0,2.873347136,2.90503197952143,-223.515,1686.424,0,0,0,0,0,0,0,0,0,0.4,0.7,1.65
7.130872,1707330000000000,33.63643,-112.283429,-173.057434,1669.81543,8.999999,8.999999,0,0.008857032517,-0.000024,0.008857,2.873363281,2.90503197952143,-223.602,1686.445,0,2.699740913,-2.624,0.635,0,0.001,0,0.001,0,0.4,0.7,1.65
7.163543,1707330000000000,33.63643,-112.283429,-173.346771,1669.894897,8.999996,8.999996,0,0.02055407904,-0.000057,0.020554,2.87341777,2.90503197952143,-223.69,1686.466,0,2.699740913,-2.624,0.635,0,0,0,0,0,0.4,0.7,1.65
7.199908,1707330000000000,33.636432,-112.283439,-173.636108,1669.974487,8.999992,8.999992,0,0.03253609591,-0.000079,0.032536,2.873516657,2.90503197952143,-223.777,1686.487,0,2.699740913,-2.624,0.635,0,0,0,0,0,0.4,0.7,1.65
7.229445,1707330000000000,33.636432,-112.283439,-173.925446,1670.053955,8.999988,8.999988,0,0.04384109653,-0.000092,0.043841,2.873657924,2.90503197952143,-223.865,1686.508,0,2.699740913,-2.624,0.635,0,0,0,0,0,0.4,0.7,1.65
7.262615,1707330000000000,33.636432,-112.283439,-174.214752,1670.133423,8.996663,8.996663,0,0.1250761594,-0.099525,0.075755,2.873879911,2.90503197952143,-223.952,1686.529,0,2.699740913,-2.624,0.635,0,0,0,0,0,0.4,0.7,1.65
7.29599,1707330000000000,33.636434,-112.283448,-174.503952,1670.212891,8.993037,8.993037,0,0.1568506164,-0.108384,0.11338,2.874231048,2.90503197952143,-224.04,1686.551,0,2.699740913,-2.624,0.635,0,0,0,0,0,0.4,0.7,1.65
7.329378,1707330000000000,33.636434,-112.283448,-174.79306,1670.292114,8.989401,8.989401,0,0.1854644491,-0.108563,0.15037,2.874721415,2.90503197952143,-224.127,1686.572,0,2.699740913,-2.624,0.635,0,0,0,0,0,0.4,0.7,1.65
7.362694,1707330000000000,33.636434,-112.283448,-175.082077,1670.371338,8.985763,8.985763,0,0.212920883,-0.108578,0.183156,2.875340909,2.90503197952143,-224.215,1686.593,0,2.699740913,-2.624,0.635,0,0,0,0,0,0.4,0.7,1.65
7.396089,1707330000000000,33.636434,-112.283448,-175.371017,1670.450195,8.982125,8.982125,0,0.2373497996,-0.108517,0.21109,2.876071355,2.90503197952143,-224.302,1686.614,0,2.699740913,-2.624,0.635,0,0,0,0,0,0.4,0.7,1.65
7.42883,1707330000000000,33.636434,-112.283448,-175.659882,1670.529053,8.978491,8.978491,0,0.25841227,-0.108428,0.234564,2.876900629,2.90503197952143,-224.39,1686.635,0,2.699740913,-2.624,0.635,0,0,0,0,0,0.4,0.7,1.65
7.465145,1707330000000000,33.636436,-112.283457,-175.948715,1670.607544,8.974859,8.974859,0,0.2757458318,-0.1083,0.253588,2.877806524,2.90503197952143,-224.477,1686.656,0,2.699740913,-2.624,0.635,0,0,0,0,0,0.4,0.7,1.65
7.496502,1707330000000000,33.636436,-112.283457,-176.237473,1670.685791,8.971233,8.971233,0,0.2896319674,-0.108166,0.268676,2.878776922,2.90503197952143,-224.565,1686.678,0,2.699740913,-2.624,0.635,0,0,0,0,0,0.4,0.7,1.65
7.529619,1707330000000000,33.636436,-112.283457,-176.526184,1670.763672,8.967612,8.967612,0,0.3004333183,-0.108034,0.280337,2.879797688,2.90503197952143,-224.652,1686.699,0,2.699740913,-2.624,0.635,0,0,0,0,0,0.4,0.7,1.65
7.563039,1707330000000000,33.636436,-112.283457,-176.814865,1670.841309,8.963996,8.963996,0,0.3082321646,-0.107893,0.288732,2.880854694,2.90503197952143,-224.74,1686.72,0,2.699740913,-2.624,0.635,0,0,0,0,0,0.4,0.7,1.65
7.596382,1707330000000000,33.636438,-112.283467,-177.1035,1670.918701,8.960579,8.960579,0,0.3113599232,-0.101964,0.294191,2.881939865,2.90503197952143,-224.827,1686.741,0,2.699740913,-2.624,0.635,0,0,0,0,0,0.4,0.7,1.65
7.628964,1707330000000000,33.636438,-112.283467,-177.39212,1670.995605,8.957378,8.957378,0,0.311976395,-0.095497,0.297001,2.883039076,2.90503197952143,-224.915,1686.762,0,2.699740913,-2.624,0.635,0,0,0,0,0,0.4,0.7,1.65
7.663464,1707330000000000,33.636438,-112.283467,-177.68074,1671.072266,8.956383,8.956383,0,0.2991240288,-0.029397,0.297676,2.884146276,2.90503197952143,-225.002,1686.783,0,2.699740913,-2.624,0.635,0,0,0,0,0,0.4,0.7,1.65
7.696929,1707330000000000,33.636438,-112.283467,-177.969437,1671.148682,8.956368,8.956368,0,0.2965250021,0.000035,0.296525,2.88525138,2.90503197952143,-225.09,1686.805,0,2.699740913,-2.624,0.635,0,0,0,0,0,0.4,0.7,1.65
7.729838,1707330000000000,33.63644,-112.283476,-178.258209,1671.224609,8.956359,8.956359,0,0.2937210191,0.000106,0.293721,2.886350356,2.90503197952143,-225.177,1686.826,0,2.699740913,-2.624,0.635,0,0,0,0,0,0.4,0.7,1.65
7.762868,1707330000000000,33.63644,-112.283476,-178.547073,1671.300293,8.956351,8.956351,0,0.2896200431,0.000158,0.28962,2.88743514,2.90503197952143,-225.265,1686.847,0,2.699740913,-2.624,0.635,0,0,0,0,0,0.4,0.7,1.65
7.799384,1707330000000000,33.63644,-112.283476,-178.836014,1671.375732,8.956347,8.956347,0,0.2844580696,0.000199,0.284458,2.888503721,2.90503197952143,-225.352,1686.868,0,2.699740913,-2.624,0.635,0,0,0,0,0,0.4,0.7,1.65
7.829226,1707330000000000,33.63644,-112.283476,-179.125046,1671.450806,8.956344,8.956344,0,0.2783380975,0.000233,0.278338,2.889550053,2.90503197952143,-225.44,1686.889,0,2.699740913,-2.624,0.635,0,0,0,0,0,0.4,0.7,1.65
7.863241,1707330000000000,33.636442,-112.283485,-179.414154,1671.525513,8.95634,8.95634,0,0.2725630809,0.00021,0.272563,2.890576157,2.90503197952143,-225.527,1686.911,0,2.699740913,-2.624,0.635,0,0,0,0,0,0.4,0.7,1.65
7.896683,1707330000000000,33.636442,-112.283485,-179.703323,1671.599976,8.956338,8.956338,0,0.2665960851,0.000213,0.266596,2.891580022,2.90503197952143,-225.615,1686.932,0,2.699740913,-2.624,0.635,0,0,0,0,0,0.4,0.7,1.65
7.929992,1707330000000000,33.636442,-112.283485,-179.992584,1671.674194,8.956336,8.956336,0,0.260138099,0.000227,0.260138,2.892559636,2.90503197952143,-225.702,1686.953,0,2.699740913,-2.624,0.635,0,0,0,0,0,0.4,0.7,1.65
7.962975,1707330000000000,33.636442,-112.283485,-180.281921,1671.748047,8.956336,8.956336,0,0.2533291081,0.000234,0.253329,2.893515004,2.90503197952143,-225.79,1686.974,0,2.699740913,-2.624,0.635,0,0,0,0,0,0.4,0.7,1.65
7.997106,1707330000000000,33.636445,-112.283494,-180.57132,1671.821533,8.956336,8.956336,0,0.246239115,0.000238,0.246239,2.894444116,2.90503197952143,-225.877,1686.995,0,2.699740913,-2.624,0.635,0,0,0,0,0,0.4,0.7,1.65
8.029173,1707330000000000,33.636445,-112.283494,-180.860794,1671.894897,8.956337,8.956337,0,0.2387671247,0.000244,0.238767,2.895346976,2.90503197952143,-225.965,1687.016,0,2.699740913,-2.624,0.635,0,0,0,0,0,0.4,0.7,1.65
8.063124,1707330000000000,33.636445,-112.283494,-181.150345,1671.967896,8.956342,8.956342,0,0.2297471818,0.000289,0.229747,2.896217543,2.90503197952143,-226.052,1687.038,0,2.699740913,-2.624,0.635,0,0,0,0,0,0.4,0.7,1.65
8.096576,1707330000000000,33.636445,-112.283494,-181.439941,1672.040771,8.956347,8.956347,0,0.2200332004,0.000297,0.220033,2.897055822,2.90503197952143,-226.14,1687.059,0,2.699740913,-2.624,0.635,0,0,0,0,0,0.4,0.7,1.65
8.130217,1707330000000000,33.636447,-112.283504,-181.729614,1672.113281,8.956352,8.956352,0,0.2099352059,0.000294,0.209935,2.897855775,2.90503197952143,-226.227,1687.08,0,2.699740913,-2.624,0.635,0,0,0,0,0,0.4,0.7,1.65
8.163132,1707330000000000,33.636447,-112.283504,-182.019348,1672.185547,8.956358,8.956358,0,0.1999171905,0.000276,0.199917,2.898617406,2.90503197952143,-226.315,1687.101,0,2.699740913,-2.624,0.635,0,0,0,0,0,0.4,0.7,1.65
8.196476,1707330000000000,33.636447,-112.283504,-182.309143,1672.257568,8.956364,8.956364,0,0.1900861737,0.000257,0.190086,2.899342736,2.90503197952143,-226.402,1687.122,0,2.699740913,-2.624,0.635,0,0,0,0,0,0.4,0.7,1.65
8.229191,1707330000000000,33.636447,-112.283504,-182.598984,1672.329468,8.956368,8.956368,0,0.1805661542,0.000236,0.180566,2.90003177,2.90503197952143,-226.49,1687.143,0,2.699740913,-2.624,0.635,0,0,0,0,0,0.4,0.7,1.65
8.264226,1707330000000000,33.636449,-112.283513,-182.888885,1672.401001,8.956376,8.956376,0,0.1690292156,0.00027,0.169029,2.900682498,2.90503197952143,-226.577,1687.165,0,2.699740913,-2.624,0.635,0,0,0,0,0,0.4,0.7,1.65
8.298709,1707330000000000,33.636449,-112.283513,-183.178818,1672.472412,8.956384,8.956384,0,0.1574881984,0.00025,0.157488,2.901290895,2.90503197952143,-226.665,1687.186,0,2.699740913,-2.624,0.635,0,0,0,0,0,0.4,0.7,1.65
8.332014,1707330000000000,33.636449,-112.283513,-183.468811,1672.543701,8.956389,8.956389,0,0.1466691591,0.000216,0.146669,2.901856967,2.90503197952143,-226.752,1687.207,0,2.699740913,-2.624,0.635,0,0,0,0,0,0.4,0.7,1.65
8.366158,1707330000000000,33.636451,-112.283523,-183.75885,1672.614746,8.956394,8.956394,0,0.1371071143,0.000177,0.137107,2.902384746,2.90503197952143,-226.84,1687.228,0,2.699740913,-2.624,0.635,0,0,0,0,0,0.4,0.7,1.65
8.396649,1707330000000000,33.636451,-112.283523,-184.04892,1672.685669,8.956398,8.956398,0,0.1288060805,0.000144,0.128806,2.902878264,2.90503197952143,-226.927,1687.249,0,2.699740913,-2.624,0.635,0,0,0,0,0,0.4,0.7,1.65
8.429093,1707330000000000,33.636451,-112.283523,-184.339035,1672.75647,8.956401,8.956401,0,0.1215740573,0.000118,0.121574,2.903345582,2.90503197952143,-227.015,1687.271,0,2.699740913,-2.624,0.635,0,0,0,0,0,0.4,0.7,1.65
8.464373,1707330000000000,33.636451,-112.283523,-184.629181,1672.827026,8.956406,8.956406,0,0.1115051063,0.000154,0.111505,2.903778646,2.90503197952143,-227.102,1687.292,0,2.699740913,-2.624,0.635,0,0,0,0,0,0.4,0.7,1.65
8.496835,1707330000000000,33.636451,-112.283523,-184.919357,1672.897461,8.95641,8.95641,0,0.1010920997,0.000142,0.101092,2.904173429,2.90503197952143,-227.19,1687.313,0,2.699740913,-2.624,0.635,0,0,0,0,0,0.4,0.7,1.65
8.530296,1707330000000000,33.636453,-112.283532,-185.209579,1672.967773,8.956415,8.956415,0,0.09132907753,0.000119,0.091329,2.904531948,2.90503197952143,-227.277,1687.334,0,2.699740913,-2.624,0.635,0,0,0,0,0,0.4,0.7,1.65
8.563459,1707330000000000,33.636453,-112.283532,-185.499817,1673.038086,8.956418,8.956418,0,0.0828390522,0.000093,0.082839,2.90485622,2.90503197952143,-227.365,1687.355,0,2.699740913,-2.624,0.635,0,0,0,0,0,0.4,0.7,1.65
8.598847,1707330000000000,33.636453,-112.283532,-185.790085,1673.108154,8.95642,8.95642,0,0.0757000333,0.000071,0.0757,2.905150275,2.90503197952143,-227.452,1687.376,0,2.699740913,-2.624,0.635,0,0,0,0,0,0.4,0.7,1.65
8.629497,1707330000000000,33.636453,-112.283532,-186.080368,1673.178223,8.956422,8.956422,0,0.06976102168,0.000055,0.069761,2.905420157,2.90503197952143,-227.54,1687.398,0,2.699740913,-2.624,0.635,0,0,0,0,0,0.4,0.7,1.65
8.663731,1707330000000000,33.636455,-112.283541,-186.370682,1673.248169,8.956425,8.956425,0,0.060558044,0.000073,0.060558,2.905663852,2.90503197952143,-227.627,1687.419,0,2.699740913,-2.624,0.635,0,0,0,0,0,0.4,0.7,1.65
8.696767,1707330000000000,33.636455,-112.283541,-186.660995,1673.317993,8.956427,8.956427,0,0.05093903652,0.000061,0.050939,2.905871293,2.90503197952143,-227.715,1687.44,0,2.699740913,-2.624,0.635,0,0,0,0,0,0.4,0.7,1.65
8.730121,1707330000000000,33.636455,-112.283541,-186.95134,1673.387817,8.956429,8.956429,0,0.04205702407,0.000045,0.042057,2.906044493,2.90503197952143,-227.802,1687.461,0,2.699740913,-2.624,0.635,0,0,0,0,0,0.4,0.7,1.65
8.764313,1707330000000000,33.636457,-112.283551,-187.241699,1673.45752,8.95643,8.95643,0,0.03458201389,0.000031,0.034582,2.906185469,2.90503197952143,-227.89,1687.482,0,2.699740913,-2.624,0.635,0,0,0,0,0,0.4,0.7,1.65
8.799446,1707330000000000,33.636457,-112.283551,-187.532074,1673.527222,8.95643,8.95643,0,0.02860900699,0.00002,0.028609,2.906304291,2.90503197952143,-227.977,1687.503,0,2.699740913,-2.624,0.635,0,0,0,0,0,0.4,0.7,1.65
8.831103,1707330000000000,33.636457,-112.283551,-187.822449,1673.596924,8.956431,8.956431,0,0.02399900352,0.000013,0.023999,2.906400959,2.90503197952143,-228.065,1687.525,0,2.699740913,-2.624,0.635,0,0,0,0,0,0.4,0.7,1.65
8.867396,1707330000000000,33.636457,-112.283551,-188.112839,1673.666504,8.956431,8.956431,0,0.01603200377,0.000011,0.016032,2.906475474,2.90503197952143,-228.152,1687.546,0,2.699740913,-2.624,0.635,0,0,0,0,0,0.4,0.7,1.65
8.897404,1707330000000000,33.636457,-112.283551,-188.403229,1673.736084,8.956431,8.956431,0,0.007687,0,0.007687,2.906519779,2.90503197952143,-228.24,1687.567,0,2.699740913,-2.624,0.635,0,0,0,0,0,0.4,0.7,1.65
8.930163,1707330000000000,33.636459,-112.28356,-188.693619,1673.805664,8.956431,8.956431,0,0.0001901289036,-0.000007,0.00019,2.906533877,2.90503197952143,-228.327,1687.588,0,2.699740913,-2.624,0.635,0,0,0,0,0,0.4,0.7,1.65
8.963919,1707330000000000,33.636459,-112.28356,-188.984039,1673.875244,8.956431,8.956431,0,0.005818008594,-0.00001,-0.005818,2.906523807,2.90503197952143,-228.415,1687.609,0,2.699740913,-2.624,0.635,0,0,0,0,0,0.4,0.7,1.65
8.996578,1707330000000000,33.636459,-112.28356,-189.274429,1673.944824,8.95643,8.95643,0,0.01023400396,-0.000009,-0.010234,2.906493599,2.90503197952143,-228.502,1687.63,0,2.699740913,-2.624,0.635,0,0,0,0,0,0.4,0.7,1.65
9.029581,1707330000000000,33.636459,-112.28356,-189.564835,1674.014282,8.95643,8.95643,0,0.01318500186,-0.000007,-0.013185,2.906449293,2.90503197952143,-228.59,1687.652,0,2.699740913,-2.624,0.635,0,0,0,0,0,0.4,0.7,1.65
9.06412,1707330000000000,33.636461,-112.283569,-189.85524,1674.083862,8.95643,8.95643,0,0.01480800054,-0.000004,-0.014808,2.906398945,2.90503197952143,-228.677,1687.673,0,2.699740913,-2.624,0.635,0,0,0,0,0,0.4,0.7,1.65
9.096822,1707330000000000,33.636461,-112.283569,-190.14563,1674.153442,8.95643,8.95643,0,0.01524200003,-0.000001,-0.015242,2.906342556,2.90503197952143,-228.765,1687.694,0,2.699740913,-2.624,0.635,0,0,0,0,0,0.4,0.7,1.65
9.130266,1707330000000000,33.636461,-112.283569,-190.43602,1674.223022,8.95643,8.95643,0,0.01463100014,0.000002,-0.014631,2.906286166,2.90503197952143,-228.852,1687.715,0,2.699740913,-2.624,0.635,0,0,0,0,0,0.4,0.7,1.65
9.163558,1707330000000000,33.636461,-112.283569,-190.726425,1674.292603,8.95643,8.95643,0,0.01315000034,0.000003,-0.01315,2.906233804,2.90503197952143,-228.94,1687.736,0,2.699740913,-2.624,0.635,0,0,0,0,0,0.4,0.7,1.65
9.197165,1707330000000000,33.636463,-112.283579,-191.0168,1674.362305,8.95643,8.95643,0,0.01089500041,0.000003,-0.010895,2.906189497,2.90503197952143,-229.027,1687.758,0,2.699740913,-2.624,0.635,0,0,0,0,0,0.4,0.7,1.65
9.230049,1707330000000000,33.636463,-112.283579,-191.307175,1674.431885,8.95643,8.95643,0,0.007977000251,0.000002,-0.007977,2.90615526,2.90503197952143,-229.115,1687.779,0,2.699740913,-2.624,0.635,0,0,0,0,0,0.4,0.7,1.65
9.264694,1707330000000000,33.636463,-112.283579,-191.597565,1674.501587,8.95643,8.95643,0,0.006062000082,0.000001,-0.006062,2.906129079,2.90503197952143,-229.202,1687.8,0,2.699740913,-2.624,0.635,0,0,0,0,0,0.4,0.7,1.65
9.297304,1707330000000000,33.636463,-112.283579,-191.887939,1674.571167,8.95643,8.95643,0,0.004352000115,0.000001,-0.004352,2.90610894,2.90503197952143,-229.29,1687.821,0,2.699740913,-2.624,0.635,0,0,0,0,0,0.4,0.7,1.65
9.330388,1707330000000000,33.636465,-112.283588,-192.178314,1674.640869,8.95643,8.95643,0,0.002481,0,-0.002481,2.906096856,2.90503197952143,-229.377,1687.842,0,2.699740913,-2.624,0.635,0,0,0,0,0,0.4,0.7,1.65
9.364059,1707330000000000,33.636465,-112.283588,-192.468689,1674.710571,8.95643,8.95643,0,0.000373,0,-0.000373,2.906090814,2.90503197952143,-229.465,1687.863,0,2.699740913,-2.624,0.635,0,0,0,0,0,0.4,0.7,1.65
9.397549,1707330000000000,33.636465,-112.283588,-192.759064,1674.780151,8.95643,8.95643,0,0.002009000249,-0.000001,0.002009,2.906094842,2.90503197952143,-229.552,1687.885,0,2.699740913,-2.624,0.635,0,0,0,0,0,0.4,0.7,1.65
9.430579,1707330000000000,33.636465,-112.283588,-193.049438,1674.849854,8.95643,8.95643,0,0.004629000972,-0.000003,0.004629,2.906106926,2.90503197952143,-229.639,1687.906,0,2.699740913,-2.624,0.635,0,0,0,0,0,0.4,0.7,1.65
9.464088,1707330000000000,33.636467,-112.283597,-193.339813,1674.919556,8.95643,8.95643,0,0.002871,0,0.002871,2.906121023,2.90503197952143,-229.727,1687.927,0,2.699740913,-2.624,0.635,0,0,0,0,0,0.4,0.7,1.65
9.497316,1707330000000000,33.636467,-112.283597,-193.630188,1674.989258,8.95643,8.95643,0,0.0001740028735,-0.000001,-0.000174,2.906125051,2.90503197952143,-229.814,1687.948,0,2.699740913,-2.624,0.635,0,0,0,0,0,0.4,0.7,1.65
9.530425,1707330000000000,33.636467,-112.283597,-193.920563,1675.058838,8.95643,8.95643,0,0.003142001432,-0.000003,-0.003142,2.90611901,2.90503197952143,-229.902,1687.969,0,2.699740913,-2.624,0.635,0,0,0,0,0,0.4,0.7,1.65
9.563878,1707330000000000,33.636467,-112.283597,-194.210938,1675.12854,8.956429,8.956429,0,0.00542000083,-0.000003,-0.00542,2.906102898,2.90503197952143,-229.99,1687.99,0,2.699740913,-2.624,0.635,0,0,0,0,0,0.4,0.7,1.65
9.597113,1707330000000000,33.636469,-112.283607,-194.501312,1675.198242,8.956429,8.956429,0,0.006874000291,-0.000002,-0.006874,2.906080745,2.90503197952143,-230.077,1688.012,0,2.699740913,-2.624,0.635,0,0,0,0,0,0.4,0.7,1.65
9.629442,1707330000000000,33.636469,-112.283607,-194.791672,1675.267944,8.956429,8.956429,0,0.007558000066,-0.000001,-0.007558,2.906054563,2.90503197952143,-230.165,1688.033,0,2.699740913,-2.624,0.635,0,0,0,0,0,0.4,0.7,1.65
9.664141,1707330000000000,33.636469,-112.283607,-195.082062,1675.337524,8.956429,8.956429,0,0.007594,0,-0.007594,2.906026368,2.90503197952143,-230.252,1688.054,0,2.699740913,-2.624,0.635,0,0,0,0,0,0.4,0.7,1.65
9.696704,1707330000000000,33.636469,-112.283607,-195.372421,1675.407227,8.956429,8.956429,0,0.007078000071,0.000001,-0.007078,2.905998173,2.90503197952143,-230.339,1688.075,0,2.699740913,-2.624,0.635,0,0,0,0,0,0.4,0.7,1.65
9.731691,1707330000000000,33.636471,-112.283616,-195.662796,1675.476929,8.956429,8.956429,0,0.006118000082,0.000001,-0.006118,2.905974005,2.90503197952143,-230.427,1688.096,0,2.699740913,-2.624,0.635,0,0,0,0,0,0.4,0.7,1.65
9.764187,1707330000000000,33.636471,-112.283616,-195.953156,1675.546631,8.956429,8.956429,0,0.004836000103,0.000001,-0.004836,2.905953865,2.90503197952143,-230.514,1688.117,0,2.699740913,-2.624,0.635,0,0,0,0,0,0.4,0.7,1.65
9.797333,1707330000000000,33.636471,-112.283616,-196.243515,1675.616333,8.956429,8.956429,0,0.003288,0,-0.003288,2.905937754,2.90503197952143,-230.602,1688.139,0,2.699740913,-2.624,0.635,0,0,0,0,0,0.4,0.7,1.65
9.83075,1707330000000000,33.636471,-112.283616,-196.53389,1675.686035,8.956429,8.956429,0,0.001487,0,-0.001487,2.905929698,2.90503197952143,-230.689,1688.16,0,2.699740913,-2.624,0.635,0,0,0,0,0,0.4,0.7,1.65
9.864673,1707330000000000,33.636474,-112.283625,-196.824249,1675.755737,8.956429,8.956429,0,0.000938,0,-0.000938,2.90592567,2.90503197952143,-230.777,1688.181,0,2.699740913,-2.624,0.635,0,0,0,0,0,0.4,0.7,1.65
9.897988,1707330000000000,33.636474,-112.283625,-197.114609,1675.825562,8.956429,8.956429,0,0.000752,0,-0.000752,2.905921642,2.90503197952143,-230.864,1688.202,0,2.699740913,-2.624,0.635,0,0,0,0,0,0.4,0.7,1.65
9.931329,1707330000000000,33.636474,-112.283625,-197.404968,1675.895264,8.956429,8.956429,0,0.000551,0,-0.000551,2.905919628,2.90503197952143,-230.952,1688.223,0,2.699740913,-2.624,0.635,0,0,0,0,0,0.4,0.7,1.65
9.964748,1707330000000000,33.636474,-112.283625,-197.695328,1675.964966,8.956429,8.956429,0,0.000206,0,-0.000206,2.905917614,2.90503197952143,-231.039,1688.245,0,2.699740913,-2.624,0.635,0,0,0,0,0,0.4,0.7,1.65
9.997342,1707330000000000,33.636476,-112.283635,-197.985687,1676.034668,8.956429,8.956429,0,0.000314,0,0.000314,2.905917614,2.90503197952143,-231.127,1688.266,0,2.699740913,-2.624,0.635,0,0,0,0,0,0.4,0.7,1.65
10.029806,1707330000000000,33.636476,-112.283635,-198.276047,1676.10437,8.956429,8.956429,0,0.000979,0,0.000979,2.905921642,2.90503197952143,-231.214,1688.287,0,2.699740913,-2.624,0.635,0,0,0,0,0,0.4,0.7,1.65
10.064153,1707330000000000,33.636476,-112.283635,-198.566422,1676.174194,8.956429,8.956429,0,0.001375000364,-0.000001,-0.001375,2.905919628,2.90503197952143,-231.302,1688.308,0,2.699740913,-2.624,0.635,0,0,0,0,0,0.4,0.7,1.65
10.096964,1707330000000000,33.636476,-112.283635,-198.856781,1676.243896,8.956429,8.956429,0,0.004558001755,-0.000004,-0.004558,2.905909558,2.90503197952143,-231.389,1688.329,0,2.699740913,-2.624,0.635,0,0,0,0,0,0.4,0.7,1.65
10.130645,1707330000000000,33.636478,-112.283644,-199.147125,1676.313599,8.956429,8.956429,0,0.007646001635,-0.000005,-0.007646,2.905885391,2.90503197952143,-231.477,1688.35,0,2.699740913,-2.624,0.635,0,0,0,0,0,0.4,0.7,1.65
10.163782,1707330000000000,33.636478,-112.283644,-199.4375,1676.383301,8.956429,8.956429,0,0.01019800123,-0.000005,-0.010198,2.905853167,2.90503197952143,-231.564,1688.372,0,2.699740913,-2.624,0.635,0,0,0,0,0,0.4,0.7,1.65
10.19697,1707330000000000,33.636478,-112.283644,-199.727859,1676.453003,8.956429,8.956429,0,0.01212400066,-0.000004,-0.012124,2.905810874,2.90503197952143,-231.652,1688.393,0,2.699740913,-2.624,0.635,0,0,0,0,0,0.4,0.7,1.65
10.229739,1707330000000000,33.636478,-112.283644,-200.018204,1676.522827,8.956429,8.956429,0,0.01346000033,-0.000003,-0.01346,2.905764552,2.90503197952143,-231.739,1688.414,0,2.699740913,-2.624,0.635,0,0,0,0,0,0.4,0.7,1.65
10.264013,1707330000000000,33.63648,-112.283653,-200.308563,1676.592529,8.956429,8.956429,0,0.01425900014,-0.000002,-0.014259,2.905712188,2.90503197952143,-231.827,1688.435,0,2.699740913,-2.624,0.635,0,0,0,0,0,0.4,0.7,1.65
10.297057,1707330000000000,33.63648,-112.283653,-200.598907,1676.662354,8.956429,8.956429,0,0.01460000003,-0.000001,-0.0146,2.90565781,2.90503197952143,-231.914,1688.456,0,2.699740913,-2.624,0.635,0,0,0,0,0,0.4,0.7,1.65
10.330625,1707330000000000,33.63648,-112.283653,-200.889252,1676.732056,8.956429,8.956429,0,0.014564,0,-0.014564,2.905603432,2.90503197952143,-232.002,1688.477,0,2.699740913,-2.624,0.635,0,0,0,0,0,0.4,0.7,1.65
10.364029,1707330000000000,33.63648,-112.283653,-201.179596,1676.80188,8.956429,8.956429,0,0.01423400004,0.000001,-0.014234,2.905551068,2.90503197952143,-232.089,1688.499,0,2.699740913,-2.624,0.635,0,0,0,0,0,0.4,0.7,1.65
10.397023,1707330000000000,33.636482,-112.283663,-201.46994,1676.871704,8.956429,8.956429,0,0.01364300004,0.000001,-0.013643,2.905498704,2.90503197952143,-232.177,1688.52,0,2.699740913,-2.624,0.635,0,0,0,0,0,0.4,0.7,1.65
10.430089,1707330000000000,33.636482,-112.283663,-201.760269,1676.941528,8.956429,8.956429,0,0.01282200016,0.000002,-0.012822,2.905450367,2.90503197952143,-232.264,1688.541,0,2.699740913,-2.624,0.635,0,0,0,0,0,0.4,0.7,1.65
10.46397,1707330000000000,33.636482,-112.283663,-202.050613,1677.011353,8.956429,8.956429,0,0.01185500017,0.000002,-0.011855,2.905404045,2.90503197952143,-232.352,1688.562,0,2.699740913,-2.624,0.635,0,0,0,0,0,0.4,0.7,1.65
10.497557,1707330000000000,33.636482,-112.283663,-202.340927,1677.081299,8.956429,8.956429,0,0.01077600019,0.000002,-0.010776,2.90536175,2.90503197952143,-232.439,1688.583,0,2.699740913,-2.624,0.635,0,0,0,0,0,0.4,0.7,1.65
10.530295,1707330000000000,33.63648,-112.283674,-202.631256,1677.151123,8.956429,8.956429,0,0.009625000052,0.000001,-0.009625,2.905323484,2.90503197952143,-232.527,1688.604,0,2.699740913,-2.624,0.635,0,0,0,0,0,0.4,0.7,1.65
10.56373,1707330000000000,33.63648,-112.283674,-202.921585,1677.221069,8.956429,8.956429,0,0.008450000059,0.000001,-0.00845,2.905289245,2.90503197952143,-232.614,1688.626,0,2.699740913,-2.624,0.635,0,0,0,0,0,0.4,0.7,1.65
10.596849,1707330000000000,33.63648,-112.283674,-203.211899,1677.290894,8.956429,8.956429,0,0.007268000069,0.000001,-0.007268,2.905261048,2.90503197952143,-232.702,1688.647,0,2.699740913,-2.624,0.635,0,0,0,0,0,0.4,0.7,1.65
10.629912,1707330000000000,33.63648,-112.283674,-203.502213,1677.36084,8.956429,8.956429,0,0.006098000082,0.000001,-0.006098,2.905234866,2.90503197952143,-232.789,1688.668,0,2.699740913,-2.624,0.635,0,0,0,0,0,0.4,0.7,1.65
10.66531,1707330000000000,33.636485,-112.283681,-203.792526,1677.430786,8.956429,8.956429,0,0.0049950001,0.000001,-0.004995,2.905214725,2.90503197952143,-232.877,1688.689,0,2.699740913,-2.624,0.635,0,0,0,0,0,0.4,0.7,1.65
10.699579,1707330000000000,33.636485,-112.283681,-204.08284,1677.50061,8.956429,8.956429,0,0.003965,0,-0.003965,2.905198613,2.90503197952143,-232.964,1688.71,0,2.699740913,-2.624,0.635,0,0,0,0,0,0.4,0.7,1.65
10.730681,1707330000000000,33.636485,-112.283681,-204.373154,1677.570557,8.956429,8.956429,0,0.00302,0,-0.00302,2.905186528,2.90503197952143,-233.052,1688.732,0,2.699740913,-2.624,0.635,0,0,0,0,0,0.4,0.7,1.65
10.76396,1707330000000000,33.636485,-112.283681,-204.663467,1677.640503,8.956429,8.956429,0,0.002185,0,-0.002185,2.905176458,2.90503197952143,-233.139,1688.753,0,2.699740913,-2.624,0.635,0,0,0,0,0,0.4,0.7,1.65
10.797099,1707330000000000,33.636488,-112.283691,-204.953766,1677.710449,8.956429,8.956429,0,0.001475,0,-0.001475,2.905168402,2.90503197952143,-233.227,1688.774,0,2.699740913,-2.624,0.635,0,0,0,0,0,0.4,0.7,1.65
10.830468,1707330000000000,33.636488,-112.283691,-205.24408,1677.780396,8.956429,8.956429,0,0.000886,0,-0.000886,2.905164374,2.90503197952143,-233.314,1688.795,0,2.699740913,-2.624,0.635,0,0,0,0,0,0.4,0.7,1.65
10.864863,1707330000000000,33.636488,-112.283691,-205.534393,1677.850342,8.956429,8.956429,0,0.000436,0,-0.000436,2.90516236,2.90503197952143,-233.402,1688.816,0,2.699740913,-2.624,0.635,0,0,0,0,0,0.4,0.7,1.65
10.897906,1707330000000000,33.636488,-112.283691,-205.824692,1677.920288,8.956429,8.956429,0,0.000112,0,-0.000112,2.905160346,2.90503197952143,-233.489,1688.837,0,2.699740913,-2.624,0.635,0,0,0,0,0,0.4,0.7,1.65
10.931118,1707330000000000,33.63649,-112.2837,-206.115005,1677.990234,8.956429,8.956429,0,0.000108,0,0.000108,2.905160346,2.90503197952143,-233.577,1688.859,0,2.699740913,-2.624,0.635,0,0,0,0,0,0.4,0.7,1.65
10.964758,1707330000000000,33.63649,-112.2837,-206.405319,1678.060181,8.956429,8.956429,0,0.000227,0,0.000227,2.90516236,2.90503197952143,-233.664,1688.88,0,2.699740913,-2.624,0.635,0,0,0,0,0,0.4,0.7,1.65
10.99727,1707330000000000,33.63649,-112.2837,-206.695618,1678.130127,8.956429,8.956429,0,0.000248,0,0.000248,2.90516236,2.90503197952143,-233.752,1688.901,0,2.699740913,-2.624,0.635,0,0,0,0,0,0.4,0.7,1.65
11.029791,1707330000000000,33.636492,-112.283709,-206.985931,1678.200073,8.956429,8.956429,0,0.000167,0,0.000167,2.905164374,2.90503197952143,-233.839,1688.922,0,2.699740913,-2.624,0.635,0,0,0,0,0,0.4,0.7,1.65
11.064323,1707330000000000,33.636492,-112.283709,-207.276245,1678.27002,8.956429,8.956429,0,0.000012,0,-0.000012,2.905164374,2.90503197952143,-233.927,1688.943,0,2.699740913,-2.624,0.635,0,0,0,0,0,0.4,0.7,1.65
11.097645,1707330000000000,33.636492,-112.283709,-207.566544,1678.339966,8.956429,8.956429,0,0.000266,0,-0.000266,2.90516236,2.90503197952143,-234.014,1688.964,0,2.699740913,-2.624,0.635,0,0,0,0,0,0.4,0.7,1.65
11.131268,1707330000000000,33.636492,-112.283709,-207.856857,1678.409912,8.956429,8.956429,0,0.000588,0,-0.000588,2.90516236,2.90503197952143,-234.102,1688.986,0,2.699740913,-2.624,0.635,0,0,0,0,0,0.4,0.7,1.65
11.164764,1707330000000000,33.636492,-112.283709,-208.147171,1678.479858,8.956429,8.956429,0,0.000965,0,-0.000965,2.905158332,2.90503197952143,-234.189,1689.007,0,2.699740913,-2.624,0.635,0,0.001,0,0.001,0,0.4,0.7,1.65
11.20939,1707330000000000,33.636494,-112.283719,-208.437469,1678.549805,8.956429,8.956429,0,0.001394,0,-0.001394,2.905154304,2.92119133185823,-234.277,1689.027,0,2.699926851,-2.634,0.593,0,14.63744462,-3.392,-14.239,0,0.4,0.7,1.65
11.232264,1707330000000000,33.636494,-112.283719,-208.727768,1678.619751,8.956429,8.956429,0,0.001873,0,-0.001873,2.905148261,3.06351690402306,-234.366,1689.034,0,2.700023704,-2.692,0.208,0,17.81445719,-1.594,-17.743,0,0.4,0.7,1.65
11.264911,1707330000000000,33.636494,-112.283719,-209.018082,1678.689697,8.956429,8.956429,0,0.002376,0,-0.002376,2.905140205,3.27559418508151,-234.456,1689.022,0,2.700374048,-2.676,-0.362,0,10.21999374,1.244,-10.144,0,0.4,0.7,1.65
11.301595,1707330000000000,33.636495,-112.283729,-209.308395,1678.759644,8.956429,8.956429,0,0.002895,0,-0.002895,2.905130135,3.40656101947122,-234.542,1688.999,0,2.699939259,-2.606,-0.706,0,5.953188221,1.485,-5.765,0,0.4,0.7,1.65
11.331789,1707330000000000,33.636495,-112.283729,-209.598694,1678.82959,8.956429,8.956429,0,0.003437,0,-0.003437,2.90511805,3.48084117875575,-234.627,1688.969,0,2.699782584,-2.545,-0.901,0,3.806821772,1.226,-3.604,0,0.4,0.7,1.65
11.364868,1707330000000000,33.636495,-112.283729,-209.889008,1678.899536,8.956429,8.956429,0,0.003987,0,-0.003987,2.905105966,3.53025467091863,-234.711,1688.935,0,2.699904628,-2.499,-1.022,0,2.631702871,0.966,-2.448,0,0.4,0.7,1.65
11.39802,1707330000000000,33.636495,-112.283729,-210.179306,1678.969482,8.956429,8.956429,0,0.004527,0,-0.004527,2.905089854,3.56259450343027,-234.793,1688.898,0,2.700020741,-2.464,-1.104,0,1.929038361,0.767,-1.77,0,0.4,0.7,1.65
11.431272,1707330000000000,33.636495,-112.283729,-210.469604,1679.039429,8.956429,8.956429,0,0.005057,0,-0.005057,2.905071727,3.58762360262443,-234.874,1688.859,0,2.7002848,-2.437,-1.163,0,1.477389928,0.62,-1.341,0,0.4,0.7,1.65
11.465054,1707330000000000,33.636494,-112.283738,-210.759918,1679.109375,8.956429,8.956429,0,0.005562,0,-0.005562,2.905051586,3.60600195546042,-234.954,1688.819,0,2.699828513,-2.415,-1.207,0,1.170003846,0.51,-1.053,0,0.4,0.7,1.65
11.498085,1707330000000000,33.636494,-112.283738,-211.050217,1679.179443,8.956429,8.956429,0,0.006043,0,-0.006043,2.905029431,3.6194758795329,-235.034,1688.777,0,2.699661645,-2.397,-1.242,0,0.9525675829,0.428,-0.851,0,0.4,0.7,1.65
11.531649,1707330000000000,33.636494,-112.283738,-211.340515,1679.24939,8.956429,8.956429,0,0.006493,0,-0.006493,2.905007277,3.63254419307537,-235.114,1688.735,0,2.699411788,-2.382,-1.27,0,0.7916470173,0.364,-0.703,0,0.4,0.7,1.65
11.564924,1707330000000000,33.636494,-112.283738,-211.630814,1679.319336,8.956429,8.956429,0,0.006876,0,-0.006876,2.904981094,3.64078086628373,-235.193,1688.692,0,2.700247396,-2.37,-1.294,0,0.6687675231,0.313,-0.591,0,0.4,0.7,1.65
11.598321,1707330000000000,33.6365,-112.283747,-211.921112,1679.389404,8.956429,8.956429,0,0.007184,0,-0.007184,2.904954911,3.64900040091757,-235.271,1688.648,0,2.699787029,-2.359,-1.313,0,0.5740679402,0.273,-0.505,0,0.4,0.7,1.65
11.631644,1707330000000000,33.6365,-112.283747,-212.211411,1679.459351,8.956429,8.956429,0,0.007425,0,-0.007425,2.904928728,3.65720179576322,-235.35,1688.604,0,2.700259247,-2.35,-1.33,0,0.4985669464,0.24,-0.437,0,0.4,0.7,1.65
11.665189,1707330000000000,33.6365,-112.283747,-212.501709,1679.529297,8.956429,8.956429,0,0.007599,0,-0.007599,2.90490053,3.66371021307798,-235.428,1688.559,0,2.699871478,-2.341,-1.345,0,0.4382442241,0.213,-0.383,0,0.4,0.7,1.65
11.701122,1707330000000000,33.6365,-112.283747,-212.791992,1679.599365,8.956429,8.956429,0,0.007682,0,-0.007682,2.904872333,3.6670546840231,-235.506,1688.514,0,2.699815734,-2.334,-1.357,0,0.3882331774,0.191,-0.338,0,0.4,0.7,1.65
11.732398,1707330000000000,33.636502,-112.283756,-213.082275,1679.669434,8.956429,8.956429,0,0.007678,0,-0.007678,2.904844136,3.67354623261275,-235.583,1688.468,0,2.70018666,-2.328,-1.368,0,0.3466770832,0.172,-0.301,0,0.4,0.7,1.65
11.765433,1707330000000000,33.636502,-112.283756,-213.372574,1679.73938,8.956429,8.956429,0,0.007596,0,-0.007596,2.904815938,3.67837725435657,-235.661,1688.422,0,2.700105183,-2.322,-1.378,0,0.311826875,0.156,-0.27,0,0.4,0.7,1.65
11.798579,1707330000000000,33.636502,-112.283756,-213.662857,1679.809448,8.956429,8.956429,0,0.007434,0,-0.007434,2.904787741,3.68168734550188,-235.738,1688.376,0,2.699560149,-2.316,-1.387,0,0.2823118843,0.142,-0.244,0,0.4,0.7,1.65
11.831325,1707330000000000,33.636502,-112.283756,-213.95314,1679.879517,8.956429,8.956429,0,0.007205,0,-0.007205,2.904759544,3.68486777062744,-235.815,1688.329,0,2.69939734,-2.311,-1.395,0,0.256400078,0.13,-0.221,0,0.4,0.7,1.65
11.86524,1707330000000000,33.636504,-112.283765,-214.243423,1679.949585,8.956429,8.956429,0,0.006928,0,-0.006928,2.90473336,3.68816352259656,-235.892,1688.282,0,2.700121849,-2.307,-1.403,0,0.2344461559,0.119,-0.202,0,0.4,0.7,1.65
11.89877,1707330000000000,33.636504,-112.283765,-214.533691,1680.019653,8.956429,8.956429,0,0.006598,0,-0.006598,2.904709191,3.6898064615987,-235.969,1688.235,0,2.699831476,-2.303,-1.409,0,0.2063128692,0.106,-0.177,0,0.4,0.7,1.65
11.932088,1707330000000000,33.636504,-112.283765,-214.823975,1680.089722,8.956429,8.956429,0,0.006212,0,-0.006212,2.904685022,3.69299580259192,-236.045,1688.188,0,2.699560335,-2.299,-1.415,0,0.1829890707,0.094,-0.157,0,0.4,0.7,1.65
11.96566,1707330000000000,33.636504,-112.283765,-215.114258,1680.15979,8.956429,8.956429,0,0.005798,0,-0.005798,2.904662866,3.69463472972045,-236.122,1688.141,0,2.699632568,-2.296,-1.42,0,0.1637833935,0.085,-0.14,0,0.4,0.7,1.65
11.998788,1707330000000000,33.636506,-112.283775,-215.404465,1680.229858,8.952029,8.952029,0,0.1321082931,-0.132,-0.005348,2.904640711,3.69627034731883,-236.198,1688.093,0,2.699717393,-2.293,-1.425,0,0.1480033783,0.076,-0.127,0,0.4,0.7,1.65
12.032572,1707330000000000,33.636506,-112.283775,-215.694458,1680.299805,8.943095,8.943095,0,0.2680440447,-0.268,-0.004859,2.904622584,3.69946896897206,-236.275,1688.046,0,2.7001337,-2.291,-1.429,0,0.1346291202,0.07,-0.115,0,0.4,0.7,1.65
12.065078,1707330000000000,33.636506,-112.283775,-215.984116,1680.369751,8.929762,8.929762,0,0.4000236089,-0.4,-0.004346,2.904604457,3.70110047183167,-236.351,1687.998,0,2.699709799,-2.288,-1.433,0,0.1229674754,0.064,-0.105,0,0.4,0.7,1.65
12.098868,1707330000000000,33.636506,-112.283775,-216.273254,1680.439575,8.912028,8.912028,0,0.5320136356,-0.532,-0.003809,2.904590358,3.70272864751174,-236.427,1687.95,0,2.700141663,-2.286,-1.437,0,0.1126809656,0.059,-0.096,0,0.4,0.7,1.65
12.132895,1707330000000000,33.636508,-112.283784,-216.561752,1680.509277,8.889762,8.889762,0,0.6680078769,-0.668,-0.003244,2.904576259,3.70435349757373,-236.503,1687.902,0,2.700047407,-2.284,-1.44,0,0.103247276,0.054,-0.088,0,0.4,0.7,1.65
12.16525,1707330000000000,33.636508,-112.283784,-216.849472,1680.578735,8.863095,8.863095,0,0.8000044622,-0.8,-0.002672,2.904566188,3.70435349757373,-236.579,1687.854,0,2.699957963,-2.282,-1.443,0,0.09604165763,0.05,-0.082,0,0.4,0.7,1.65
12.198828,1707330000000000,33.636508,-112.283784,-217.136261,1680.648071,8.832028,8.832028,0,0.9320023546,-0.932,-0.002095,2.904556118,3.70756025663756,-236.655,1687.806,0,2.700182586,-2.281,-1.445,0,0.08935882721,0.047,-0.076,0,0.4,0.7,1.65
12.233312,1707330000000000,33.636508,-112.283784,-217.421982,1680.717041,8.796429,8.796429,0,1.068001077,-1.068,-0.001517,2.904550075,3.70756025663756,-236.731,1687.758,0,2.700100924,-2.279,-1.448,0,0.08352843827,0.044,-0.071,0,0.4,0.7,1.65
12.266151,1707330000000000,33.636503,-112.283798,-217.706482,1680.785767,8.756429,8.756429,0,1.200000374,-1.2,-0.000947,2.904546047,3.70918087200645,-236.807,1687.709,0,2.699486803,-2.277,-1.45,0,0.07769813383,0.041,-0.066,0,0.4,0.7,1.65
12.299505,1707330000000000,33.636503,-112.283798,-217.989609,1680.854248,8.712029,8.712029,0,1.332000055,-1.332,-0.000384,2.904542019,3.70918087200645,-236.883,1687.661,0,2.699718504,-2.276,-1.452,0,0.07271863585,0.038,-0.062,0,0.4,0.7,1.65
12.332807,1707330000000000,33.636503,-112.283798,-218.27124,1680.922241,8.663095,8.663095,0,1.468000011,-1.468,0.000178,2.904542019,3.71079814525845,-236.959,1687.612,0,2.699952037,-2.275,-1.454,0,0.06826419266,0.036,-0.058,0,0.4,0.7,1.65
12.366171,1707330000000000,33.636508,-112.283804,-218.551224,1680.989868,8.609761,8.609761,0,1.600000162,-1.6,0.000719,2.904544033,3.71079814525845,-237.035,1687.564,0,2.700187401,-2.274,-1.456,0,0.06466065264,0.034,-0.055,0,0.4,0.7,1.65
12.399092,1707330000000000,33.636508,-112.283804,-218.829407,1681.057129,8.552029,8.552029,0,1.732000445,-1.732,0.001241,2.904548061,3.71079814525845,-237.111,1687.515,0,2.699582931,-2.272,-1.458,0,0.06105735009,0.032,-0.052,0,0.4,0.7,1.65
12.432932,1707330000000000,33.636508,-112.283804,-219.105652,1681.123779,8.489762,8.489762,0,1.868000811,-1.868,0.001741,2.904554104,3.71401359482064,-237.186,1687.466,0,2.699822402,-2.271,-1.46,0,0.05798275606,0.031,-0.049,0,0.4,0.7,1.65
12.466684,1707330000000000,33.636508,-112.283804,-219.379837,1681.190063,8.423095,8.423095,0,2.000001212,-2,0.002202,2.90456216,3.71401359482064,-237.262,1687.418,0,2.700063703,-2.27,-1.462,0,0.0543783045,0.029,-0.046,0,0.4,0.7,1.65
12.50096,1707330000000000,33.636508,-112.283804,-219.651779,1681.255737,8.352029,8.352029,0,2.13200162,-2.132,0.002628,2.904570217,3.71401359482064,-237.338,1687.369,0,2.699764805,-2.269,-1.463,0,0.05215361924,0.028,-0.044,0,0.4,0.7,1.65
12.532663,1707330000000000,33.636512,-112.283812,-219.921341,1681.320923,8.276429,8.276429,0,2.268003007,-2.268001,0.003017,2.904582301,3.7156265336552,-237.413,1687.32,0,2.699466614,-2.268,-1.464,0,0.04939635614,0.026,-0.042,0,0.4,0.7,1.65
12.566432,1707330000000000,33.636512,-112.283812,-220.188416,1681.385376,8.196427,8.196427,0,2.400003351,-2.400001,0.003359,2.9045964,3.7156265336552,-237.489,1687.271,0,2.699712022,-2.267,-1.466,0,0.04716990566,0.025,-0.04,0,0.4,0.7,1.65
12.599402,1707330000000000,33.636512,-112.283812,-220.45282,1681.449219,8.112029,8.112029,0,2.532003645,-2.532001,0.00366,2.904610499,3.7156265336552,-237.565,1687.222,0,2.700255173,-2.267,-1.467,0,0.04494441011,0.024,-0.038,0,0.4,0.7,1.65
12.635356,1707330000000000,33.636515,-112.283821,-220.714417,1681.512451,8.023096,8.023096,0,2.668002874,-2.668,0.003916,2.904624598,3.71723611475707,-237.64,1687.173,0,2.699959259,-2.266,-1.468,0,0.04272001873,0.023,-0.036,0,0.4,0.7,1.65
12.666467,1707330000000000,33.636515,-112.283821,-220.973083,1681.574951,7.929761,7.929761,0,2.800003049,-2.8,0.004132,2.904642725,3.71723611475707,-237.716,1687.124,0,2.700208325,-2.265,-1.47,0,0.04049691346,0.022,-0.034,0,0.4,0.7,1.65
12.700796,1707330000000000,33.636515,-112.283821,-221.228653,1681.636597,7.832028,7.832028,0,2.932003166,-2.932,0.004309,2.904660852,3.71723611475707,-237.791,1687.075,0,2.699914258,-2.264,-1.471,0,0.03911521443,0.021,-0.033,0,0.4,0.7,1.65
12.734521,1707330000000000,33.636515,-112.283821,-221.480988,1681.69751,7.729763,7.729763,0,3.06800424,-3.068001,0.004459,2.904678979,3.71723611475707,-237.867,1687.026,0,2.70045922,-2.264,-1.472,0,0.03773592453,0.02,-0.032,0,0.4,0.7,1.65
12.767765,1707330000000000,33.636517,-112.283828,-221.72995,1681.75769,7.623094,7.623094,0,3.200004265,-3.200001,0.004571,2.90469912,3.71884234028627,-237.942,1686.977,0,2.700166291,-2.263,-1.473,0,0.03551056181,0.019,-0.03,0,0.4,0.7,1.65
12.800965,1707330000000000,33.636517,-112.283828,-221.975403,1681.816895,7.512029,7.512029,0,3.332003238,-3.332,0.004645,2.904719261,3.71884234028627,-238.017,1686.928,0,2.699874071,-2.262,-1.474,0,0.03413209633,0.018,-0.029,0,0.4,0.7,1.65
12.832836,1707330000000000,33.636517,-112.283828,-222.217178,1681.875366,7.39643,7.39643,0,3.468003174,-3.468,0.004692,2.904739403,3.71884234028627,-238.093,1686.879,0,2.700420152,-2.262,-1.475,0,0.03328663395,0.018,-0.028,0,0.4,0.7,1.65
12.865645,1707330000000000,33.636517,-112.283828,-222.455139,1681.932739,7.276427,7.276427,0,3.60000308,-3.6,0.004709,2.904761558,3.72046000026094,-238.168,1686.83,0,2.700129071,-2.261,-1.476,0,0.03190611227,0.017,-0.027,0,0.4,0.7,1.65
12.899533,1707330000000000,33.636517,-112.283828,-222.689163,1681.989258,7.152029,7.152029,0,3.732002948,-3.732,0.004691,2.904783713,3.72046000026094,-238.244,1686.78,0,2.699838699,-2.26,-1.477,0,0.03052867504,0.016,-0.026,0,0.4,0.7,1.65
12.93296,1707330000000000,33.63652,-112.28384,-222.919067,1682.044678,7.023097,7.023097,0,3.868002787,-3.868,0.004643,2.904805868,3.72046000026094,-238.319,1686.731,0,2.700385898,-2.26,-1.478,0,0.02968164416,0.016,-0.025,0,0.4,0.7,1.65
12.966278,1707330000000000,33.63652,-112.28384,-223.14476,1682.099243,6.88976,6.88976,0,4.000002614,-4,0.004573,2.904828023,3.72206514855387,-238.394,1686.682,0,2.699549036,-2.259,-1.478,0,0.0283019434,0.015,-0.024,0,0.4,0.7,1.65
12.999275,1707330000000000,33.63652,-112.28384,-223.366043,1682.152588,6.752028,6.752028,0,4.132002423,-4.132,0.004475,2.904850178,3.72206514855387,-238.47,1686.632,0,2.700096665,-2.259,-1.479,0,0.02745906044,0.015,-0.023,0,0.4,0.7,1.65
13.032306,1707330000000000,33.63652,-112.28384,-223.582809,1682.204834,6.609763,6.609763,0,4.268002227,-4.268,0.00436,2.904870319,3.72206514855387,-238.545,1686.583,0,2.699808141,-2.258,-1.48,0,0.02607680962,0.014,-0.022,0,0.4,0.7,1.65
13.066761,1707330000000000,33.636522,-112.28385,-223.794907,1682.256104,6.463093,6.463093,0,4.400002025,-4.4,0.004221,2.904892474,3.72206514855387,-238.62,1686.534,0,2.700356458,-2.258,-1.481,0,0.02469817807,0.013,-0.021,0,0.4,0.7,1.65
13.101435,1707330000000000,33.636522,-112.28385,-224.002167,1682.30603,6.312028,6.312028,0,4.532001823,-4.532,0.004065,2.904914629,3.72206514855387,-238.695,1686.484,0,2.699520328,-2.257,-1.481,0,0.02385372088,0.013,-0.02,0,0.4,0.7,1.65
13.136196,1707330000000000,33.636522,-112.28385,-224.204483,1682.354858,6.15643,6.15643,0,4.668001621,-4.668,0.00389,2.904936784,3.72206514855387,-238.771,1686.435,0,2.700069073,-2.257,-1.482,0,0.02332380758,0.012,-0.02,0,0.4,0.7,1.65
13.168369,1707330000000000,33.636522,-112.28385,-224.401688,1682.402466,5.996427,5.996427,0,4.800001432,-4.8,0.003708,2.904956925,3.72366692438491,-238.846,1686.386,0,2.700618077,-2.257,-1.483,0,0.02247220505,0.012,-0.019,0,0.4,0.7,1.65
13.199748,1707330000000000,33.636524,-112.283859,-224.59433,1682.448853,5.878628,5.878628,0,3.534001803,-3.534,0.00357,2.904977066,3.72366692438491,-238.921,1686.336,0,2.699782399,-2.256,-1.483,0,0.02163330765,0.012,-0.018,0,0.4,0.7,1.65
13.232565,1707330000000000,33.636524,-112.283859,-224.783173,1682.494385,5.763096,5.763096,0,3.466001694,-3.466,0.003427,2.904997206,3.72366692438491,-238.996,1686.287,0,2.700331831,-2.256,-1.484,0,0.02024845673,0.011,-0.017,0,0.4,0.7,1.65
13.265988,1707330000000000,33.636524,-112.283859,-224.968307,1682.539062,5.649338,5.649338,0,3.412674584,-3.412673,0.003288,2.905017347,3.72366692438491,-239.072,1686.237,0,2.699496435,-2.255,-1.484,0,0.02024845673,0.011,-0.017,0,0.4,0.7,1.65
13.299794,1707330000000000,33.636524,-112.283859,-225.149734,1682.582764,5.534291,5.534291,0,3.45143843,-3.451437,0.003142,2.905035474,3.72366692438491,-239.147,1686.188,0,2.700046296,-2.255,-1.485,0,0.01886796226,0.01,-0.016,0,0.4,0.7,1.65
13.332904,1707330000000000,33.636526,-112.283868,-225.327423,1682.62561,5.418001,5.418001,0,3.488740286,-3.488739,0.002995,2.905055614,3.72366692438491,-239.222,1686.138,0,2.700046296,-2.255,-1.485,0,0.01802775638,0.01,-0.015,0,0.4,0.7,1.65
13.370298,1707330000000000,33.636526,-112.283868,-225.501328,1682.667603,5.300582,5.300582,0,3.522484153,-3.522483,0.00285,2.905073741,3.72366692438491,-239.297,1686.089,0,2.699761471,-2.254,-1.486,0,0.01802775638,0.01,-0.015,0,0.4,0.7,1.65
13.405179,1707330000000000,33.636526,-112.283868,-225.671402,1682.708496,5.182117,5.182117,0,3.554000027,-3.553999,0.002702,2.905091868,3.72366692438491,-239.372,1686.039,0,2.699761471,-2.254,-1.486,0,0.01664331698,0.009,-0.014,0,0.4,0.7,1.65
13.431858,1707330000000000,33.636526,-112.283868,-225.837616,1682.748657,5.06264,5.06264,0,3.584327911,-3.584327,0.002555,2.90510798,3.72366692438491,-239.447,1685.989,0,2.700312019,-2.254,-1.487,0,0.01664331698,0.009,-0.014,0,0.4,0.7,1.65
13.466136,1707330000000000,33.636528,-112.283878,-225.999969,1682.78772,4.942246,4.942246,0,3.611761806,-3.611761,0.002413,2.905124093,3.72526533017794,-239.522,1685.94,0,2.699477357,-2.253,-1.487,0,0.01526433752,0.008,-0.013,0,0.4,0.7,1.65
13.499906,1707330000000000,33.636528,-112.283878,-226.158386,1682.825928,4.821001,4.821001,0,3.63738571,-3.637385,0.002272,2.905140205,3.72526533017794,-239.598,1685.89,0,2.700028333,-2.253,-1.488,0,0.0144222051,0.008,-0.012,0,0.4,0.7,1.65
13.532737,1707330000000000,33.636528,-112.283878,-226.312866,1682.863159,4.698934,4.698934,0,3.662043622,-3.662043,0.002134,2.905156318,3.72526533017794,-239.673,1685.841,0,2.700028333,-2.253,-1.488,0,0.0144222051,0.008,-0.012,0,0.4,0.7,1.65
13.566292,1707330000000000,33.636528,-112.283878,-226.463394,1682.899414,4.57612,4.57612,0,3.684348546,-3.684348,0.002005,2.905170416,3.72526533017794,-239.748,1685.791,0,2.700579567,-2.253,-1.489,0,0.01303840481,0.007,-0.011,0,0.4,0.7,1.65
13.599702,1707330000000000,33.63653,-112.283887,-226.609909,1682.934692,4.452615,4.452615,0,3.705181474,-3.705181,0.001875,2.905184514,3.72526533017794,-239.823,1685.741,0,2.699745358,-2.252,-1.489,0,0.01303840481,0.007,-0.011,0,0.4,0.7,1.65
13.632803,1707330000000000,33.63653,-112.283887,-226.752426,1682.968994,4.328442,4.328442,0,3.725229412,-3.725229,0.001753,2.905198613,3.72526533017794,-239.898,1685.692,0,2.699745358,-2.252,-1.489,0,0.01166190379,0.006,-0.01,0,0.4,0.7,1.65
13.666135,1707330000000000,33.63653,-112.283887,-226.8909,1683.002441,4.203661,4.203661,0,3.743364357,-3.743364,0.001634,2.905212711,3.72526533017794,-239.973,1685.642,0,2.700297021,-2.252,-1.49,0,0.01081665383,0.006,-0.009,0,0.4,0.7,1.65
13.6994,1707330000000000,33.63653,-112.283887,-227.02533,1683.03479,4.078319,4.078319,0,3.760302307,-3.760302,0.00152,2.905224795,3.72526533017794,-240.048,1685.592,0,2.700297021,-2.252,-1.49,0,0.01081665383,0.006,-0.009,0,0.4,0.7,1.65
13.73332,1707330000000000,33.636532,-112.283897,-227.155685,1683.066162,3.952433,3.952433,0,3.776601264,-3.776601,0.001411,2.90523688,3.72526533017794,-240.123,1685.543,0,2.699463095,-2.251,-1.49,0,0.009433981132,0.005,-0.008,0,0.4,0.7,1.65
13.76673,1707330000000000,33.636532,-112.283897,-227.281967,1683.096558,3.826053,3.826053,0,3.791345225,-3.791345,0.001306,2.905248964,3.72526533017794,-240.198,1685.493,0,2.700015185,-2.251,-1.491,0,0.008602325267,0.005,-0.007,0,0.4,0.7,1.65
13.799529,1707330000000000,33.636532,-112.283897,-227.404129,1683.125977,3.699238,3.699238,0,3.804490191,-3.80449,0.001205,2.905259034,3.72526533017794,-240.273,1685.443,0,2.700015185,-2.251,-1.491,0,0.007211102551,0.004,-0.006,0,0.4,0.7,1.65
13.83282,1707330000000000,33.636532,-112.283897,-227.522186,1683.154419,3.572143,3.572143,0,3.81287416,-3.812874,0.001106,2.905271118,3.72526533017794,-240.348,1685.394,0,2.700015185,-2.251,-1.491,0,0.006403124237,0.004,-0.005,0,0.4,0.7,1.65
13.866394,1707330000000000,33.636534,-112.283906,-227.636124,1683.181885,3.444932,3.444932,0,3.816267041,-3.816267,0.000559,2.905277161,3.72526533017794,-240.423,1685.344,0,2.700015185,-2.251,-1.491,0,0.005830951895,0.003,-0.005,0,0.4,0.7,1.65
13.902268,1707330000000000,33.636534,-112.283906,-227.745926,1683.208252,3.317759,3.317759,0,3.815217001,-3.815217,0.000065,2.905281189,3.72526533017794,-240.498,1685.294,0,2.700015185,-2.251,-1.491,0,0.004472135955,0.002,-0.004,0,0.4,0.7,1.65
13.934455,1707330000000000,33.636534,-112.283906,-227.851608,1683.233765,3.190765,3.190765,0,3.809844013,-3.809844,-0.00031,2.905279175,3.72689899025462,-240.573,1685.244,0,2.700015185,-2.251,-1.491,0,0.003605551275,0.002,-0.003,0,0.4,0.7,1.65
13.966815,1707330000000000,33.636536,-112.283915,-227.953201,1683.258179,3.064071,3.064071,0,3.800744042,-3.800744,-0.000565,2.905273132,3.72689899025462,-240.648,1685.195,0,2.700015185,-2.251,-1.491,0,0.001414213562,0.001,-0.001,0,0.4,0.7,1.65
13.999882,1707330000000000,33.636536,-112.283915,-228.050674,1683.281738,2.937665,2.937665,0,3.792244071,-3.792244,-0.000733,2.90526709,3.72689899025462,-240.724,1685.145,0,2.700567533,-2.251,-1.492,0,0,0,0,0,0.4,0.7,1.65
14.032492,1707330000000000,33.636536,-112.283915,-228.144058,1683.304199,2.811675,2.811675,0,3.779726092,-3.779726,-0.000832,2.90525702,3.72689899025462,-240.799,1685.095,0,2.700567533,-2.251,-1.492,0,0.002236067977,-0.001,0.002,0,0.4,0.7,1.65
14.065959,1707330000000000,33.636536,-112.283915,-228.233368,1683.325684,2.686198,2.686198,0,3.764199666,-3.764199,-0.002239,2.905234866,3.72689899025462,-240.874,1685.045,0,2.700015185,-2.251,-1.491,0,0.003605551275,-0.002,0.003,0,0.4,0.7,1.65
14.100037,1707330000000000,33.636538,-112.283925,-228.318619,1683.346191,2.561349,2.561349,0,3.745482441,-3.745481,-0.003285,2.905198613,3.72689899025462,-240.949,1684.996,0,2.700015185,-2.251,-1.491,0,0.006403124237,-0.004,0.005,0,0.4,0.7,1.65
14.135043,1707330000000000,33.636538,-112.283925,-228.399826,1683.365845,2.437309,2.437309,0,3.72122407,-3.721222,-0.003925,2.905148261,3.72526533017794,-241.024,1684.946,0,2.700015185,-2.251,-1.491,0,0.009433981132,-0.005,0.008,0,0.4,0.7,1.65
14.168858,1707330000000000,33.636538,-112.283925,-228.477036,1683.384399,2.314365,2.314365,0,3.68822041,-3.688218,-0.004216,2.905089854,3.72526533017794,-241.099,1684.896,0,2.700015185,-2.251,-1.491,0,0.01220655562,-0.007,0.01,0,0.4,0.7,1.65
14.199447,1707330000000000,33.636538,-112.283925,-228.550278,1683.4021,2.192525,2.192525,0,3.655216496,-3.655214,-0.004272,2.905025403,3.72526533017794,-241.174,1684.847,0,2.700015185,-2.251,-1.491,0,0.01303840481,-0.007,0.011,0,0.4,0.7,1.65
14.232901,1707330000000000,33.636539,-112.283934,-228.619568,1683.418701,2.071818,2.071818,0,3.621213403,-3.621211,-0.004172,2.904956925,3.72526533017794,-241.249,1684.797,0,2.699463095,-2.251,-1.49,0,0.0144222051,-0.008,0.012,0,0.4,0.7,1.65
14.266403,1707330000000000,33.636539,-112.283934,-228.684982,1683.43457,1.952209,1.952209,0,3.588207977,-3.588206,-0.003767,2.904892474,3.72526533017794,-241.324,1684.747,0,2.700297021,-2.252,-1.49,0,0.0158113883,-0.009,0.013,0,0.4,0.7,1.65
14.299224,1707330000000000,33.636539,-112.283934,-228.746521,1683.449341,1.833703,1.833703,0,3.555207598,-3.555206,-0.003371,2.904828023,3.72526533017794,-241.399,1684.698,0,2.699745358,-2.252,-1.489,0,0.01802775638,-0.01,0.015,0,0.4,0.7,1.65
14.332624,1707330000000000,33.636539,-112.283934,-228.804245,1683.463257,1.716331,1.716331,0,3.521206273,-3.521205,-0.002994,2.9047676,3.72526533017794,-241.474,1684.648,0,2.699745358,-2.252,-1.489,0,0.02024845673,-0.011,0.017,0,0.4,0.7,1.65
14.366378,1707330000000000,33.636541,-112.283943,-228.85817,1683.476318,1.600055,1.600055,0,3.488205996,-3.488205,-0.002636,2.904711205,3.72526533017794,-241.549,1684.598,0,2.700028333,-2.253,-1.488,0,0.02163330765,-0.012,0.018,0,0.4,0.7,1.65
14.399327,1707330000000000,33.636541,-112.283943,-228.908356,1683.488403,1.484882,1.484882,0,3.455205763,-3.455205,-0.002296,2.904658838,3.72526533017794,-241.624,1684.549,0,2.700028333,-2.253,-1.488,0,0.02469817807,-0.013,0.021,0,0.4,0.7,1.65
14.432599,1707330000000000,33.636541,-112.283943,-228.954819,1683.499634,1.370843,1.370843,0,3.421205572,-3.421205,-0.001979,2.904608485,3.72526533017794,-241.699,1684.499,0,2.700312019,-2.254,-1.487,0,0.0283019434,-0.015,0.024,0,0.4,0.7,1.65
14.466036,1707330000000000,33.636541,-112.283943,-228.997589,1683.51001,1.257899,1.257899,0,3.388202599,-3.388202,-0.002014,2.904554104,3.72366692438491,-241.775,1684.45,0,2.699761471,-2.254,-1.486,0,0.03244996148,-0.018,0.027,0,0.4,0.7,1.65
14.499373,1707330000000000,33.636542,-112.283952,-229.036728,1683.519409,1.146059,1.146059,0,3.35519754,-3.355197,-0.001904,2.904497708,3.72366692438491,-241.85,1684.4,0,2.700046296,-2.255,-1.485,0,0.03827531842,-0.021,0.032,0,0.4,0.7,1.65
14.532728,1707330000000000,33.636542,-112.283952,-229.07225,1683.528076,1.035352,1.035352,0,3.32119344,-3.321193,-0.001709,2.904441312,3.72366692438491,-241.925,1684.351,0,2.699496435,-2.255,-1.484,0,0.04494441011,-0.024,0.038,0,0.4,0.7,1.65
14.565684,1707330000000000,33.636542,-112.283952,-229.104218,1683.535767,0.925743,0.925743,0,3.288188324,-3.288188,-0.001459,2.904384916,3.72366692438491,-242,1684.301,0,2.699782399,-2.256,-1.483,0,0.0543783045,-0.029,0.046,0,0.4,0.7,1.65
14.599192,1707330000000000,33.636542,-112.283952,-229.132645,1683.542603,0.818337,0.818337,0,3.222187201,-3.222187,-0.001137,2.904334562,3.72206514855387,-242.076,1684.252,0,2.699520328,-2.257,-1.481,0,0.06657326791,-0.036,0.056,0,0.4,0.7,1.65
14.632457,1707330000000000,33.636544,-112.28396,-229.157639,1683.548706,0.713199,0.713199,0,3.154186116,-3.154186,-0.000855,2.904292265,3.72206514855387,-242.151,1684.202,0,2.699808141,-2.258,-1.48,0,0.08405950273,-0.045,0.071,0,0.4,0.7,1.65
14.666993,1707330000000000,33.636544,-112.28396,-229.179245,1683.553833,0.610257,0.610257,0,3.088191063,-3.088191,-0.000626,2.904253996,3.72046000026094,-242.226,1684.153,0,2.699838699,-2.26,-1.477,0,0.1101362792,-0.059,0.093,0,0.4,0.7,1.65
14.699904,1707330000000000,33.636544,-112.28396,-229.197556,1683.55835,0.509518,0.509518,0,3.022194032,-3.022194,-0.000441,2.904221769,3.71884234028627,-242.302,1684.104,0,2.699874071,-2.262,-1.474,0,0.1500966355,-0.08,0.127,0,0.4,0.7,1.65
14.733264,1707330000000000,33.636544,-112.28396,-229.212631,1683.562012,0.411046,0.411046,0,2.954197015,-2.954197,-0.000296,2.904195585,3.71723611475707,-242.377,1684.055,0,2.700208325,-2.265,-1.47,0,0.2166679487,-0.116,0.183,0,0.4,0.7,1.65
14.766911,1707330000000000,33.636547,-112.283971,-229.224548,1683.564819,0.314771,0.314771,0,2.888199006,-2.888199,-0.000183,2.904173429,3.7156265336552,-242.453,1684.006,0,2.700306834,-2.269,-1.464,0,0.3365501449,-0.179,0.285,0,0.4,0.7,1.65
14.799724,1707330000000000,33.636547,-112.283971,-229.233368,1683.567017,0,0,0,2.822201002,-2.822201,-0.0001,2.904157315,3.71079814525845,-242.529,1683.958,0,2.699952037,-2.275,-1.454,0,0.5663585437,-0.299,0.481,0,0.4,0.7,1.65
14.832932,1707330000000000,33.636547,-112.283971,-229.239182,1683.568359,0,0,0,2.754202,-2.754202,-0.000043,2.904143216,3.70272864751174,-242.605,1683.91,0,2.699827587,-2.285,-1.438,0,0.8967993087,-0.468,0.765,0,0.4,0.7,1.65
14.866395,1707330000000000,33.636547,-112.283971,-229.240982,1683.568848,0,0,0,0,0,0,2.904137174,3.69299580259192,-242.681,1683.863,0,2.700412006,-2.3,-1.415,0,0.1215935854,-0.063,0.104,0,0.4,0.7,1.65
14.899835,1707330000000000,33.636546,-112.283979,-229.240982,1683.568848,0,0,0,0,0,0,2.904137174,3.6898064615987,-242.687,1683.859,0,0,0,0,0,0,0,0,0,0.4,0.7,1.65
14.932403,1707330000000000,33.636546,-112.283979,-229.240982,1683.568848,0,0,0,0,0,0,2.904137174,3.6898064615987,-242.687,1683.859,0,0,0,0,0,0,0,0,0,0.4,0.7,1.65
14.96561,1707330000000000,33.636546,-112.283979,-229.240982,1683.568848,0,0,0,0,0,0,2.904137174,3.6898064615987,-242.687,1683.859,0,0,0,0,0,0,0,0,0,0.4,0.7,1.65
14.999135,1707330000000000,33.636546,-112.283979,-229.240982,1683.568848,0,0,0,0,0,0,2.904137174,3.6898064615987,-242.687,1683.859,0,0,0,0,0,0,0,0,0,0.4,0.7,1.65
15.03238,1707330000000000,33.636545,-112.283986,-229.240982,1683.568848,0,0,0,0,0,0,2.904137174,3.6898064615987,-242.687,1683.859,0,0,0,0,0,0,0,0,0,0.4,0.7,1.65
15.065616,1707330000000000,33.636545,-112.283986,-229.240982,1683.568848,0,0,0,0,0,0,2.904137174,3.6898064615987,-242.687,1683.859,0,0,0,0,0,0,0,0,0,0.4,0.7,1.65
15.099022,1707330000000000,33.636545,-112.283986,-229.240982,1683.568848,0,0,0,0,0,0,2.904137174,3.6898064615987,-242.687,1683.859,0,0,0,0,0,0,0,0,0,0.4,0.7,1.65
15.1325,1707330000000000,33.636545,-112.283986,-229.240982,1683.568848,0,0,0,0,0,0,2.904137174,3.6898064615987,-242.687,1683.859,0,0,0,0,0,0,0,0,0,0.4,0.7,1.65
15.165791,1707330000000000,33.636544,-112.283992,-229.240982,1683.568848,0,0,0,0,0,0,2.904137174,3.6898064615987,-242.687,1683.859,0,0,0,0,0,0,0,0,0,0.4,0.7,1.65
15.199073,1707330000000000,33.636544,-112.283992,-229.240982,1683.568848,0,0,0,0,0,0,2.904137174,3.6898064615987,-242.687,1683.859,0,0,0,0,0,0,0,0,0,0.4,0.7,1.65
15.232103,1707330000000000,33.636544,-112.283992,-229.240982,1683.568848,0,0,0,0,0,0,2.904137174,3.6898064615987,-242.687,1683.859,0,0,0,0,0,0,0,0,0,0.4,0.7,1.65
15.265667,1707330000000000,33.636544,-112.283992,-229.240997,1683.568848,0,0,0,0.033,0.033,0,2.904137174,3.6898064615987,-242.687,1683.859,0,0,0,0,0,0,0,0,0,0.4,0.7,1.65
15.299788,1707330000000000,33.636544,-112.283992,-229.241074,1683.568848,0,0,0,0.067,0.067,0,2.904137174,3.6898064615987,-242.687,1683.859,0,0,0,0,0,0,0,0,0,0.4,0.7,1.65
15.33261,1707330000000000,33.636553,-112.283998,-229.241226,1683.568848,0,0,0,0.1,0.1,0,2.904137174,3.6898064615987,-242.687,1683.859,0,0,0,0,0,0,0,0,0,0.4,0.7,1.65
15.365785,1707330000000000,33.636553,-112.283998,-229.241501,1683.56897,0,0,0,0.133,0.133,0,2.904139188,3.6898064615987,-242.687,1683.859,0,0,0,0,0,0,0,0,0,0.4,0.7,1.65
15.400106,1707330000000000,33.636553,-112.283998,-229.241943,1683.569092,0,0,0,0.167,0.167,0,2.904139188,3.6898064615987,-242.687,1683.859,0,0,0,0,0,0,0,0,0,0.4,0.7,1.65
15.43288,1707330000000000,33.636554,-112.284005,-229.242584,1683.569214,0,0,0,0.2,0.2,0,2.904139188,3.6898064615987,-242.687,1683.859,0,0,0,0,0,0,0,0,0,0.4,0.7,1.65
15.466329,1707330000000000,33.636554,-112.284005,-229.243454,1683.569458,0,0,0,0.232999,0.232999,0,2.904139188,3.6898064615987,-242.687,1683.859,0,0,0,0,0,0,0,0,0,0.4,0.7,1.65
15.500972,1707330000000000,33.636554,-112.284005,-229.244598,1683.569702,0,0,0,0.266994,0.266994,-0.000001,2.904137174,3.6898064615987,-242.687,1683.859,0,0,0,0,0,0,0,0,0,0.4,0.7,1.65
15.533031,1707330000000000,33.636554,-112.284005,-229.246033,1683.570068,0,0,0,0.299987,0.299987,-0.000004,2.904137174,3.6898064615987,-242.687,1683.859,0,0,0,0,0,0,0,0,0,0.4,0.7,1.65
15.566714,1707330000000000,33.636554,-112.284005,-229.247818,1683.570435,0,0,0,0.3329780001,0.332978,-0.000008,2.904133145,3.6898064615987,-242.687,1683.859,0,0,0,0,0,0,0,0,0,0.4,0.7,1.65
15.600347,1707330000000000,33.636555,-112.284011,-229.249969,1683.571045,0,0,0,0.3669670003,0.366967,-0.000015,2.904127103,3.6898064615987,-242.687,1683.859,0,0,0,0,0,0,0,0,0,0.4,0.7,1.65
15.632985,1707330000000000,33.636555,-112.284011,-229.252548,1683.571655,0,0,0,0.3999560008,0.399956,-0.000025,2.904119046,3.6898064615987,-242.687,1683.859,0,0,0,0,0,0,0,0,0,0.4,0.7,1.65
15.666097,1707330000000000,33.636555,-112.284011,-229.255569,1683.572388,0,0,0,0.432919002,0.432919,-0.000042,2.904108975,3.6898064615987,-242.687,1683.859,0,0,0,0,0,0,0,0,0,0.4,0.7,1.65
15.699364,1707330000000000,33.636555,-112.284011,-229.259064,1683.573242,0,0,0,0.4668760048,0.466876,-0.000067,2.904090847,3.6898064615987,-242.687,1683.859,0,0,0,0,0,0,0,0,0,0.4,0.7,1.65
15.733044,1707330000000000,33.636556,-112.284016,-229.263092,1683.574097,0,0,0,0.4998300106,0.49983,-0.000103,2.904068691,3.6898064615987,-242.687,1683.859,0,0,0,0,0,0,0,0,0,0.4,0.7,1.65
15.766188,1707330000000000,33.636556,-112.284016,-229.26767,1683.575317,0,0,0,0.5327850214,0.532785,-0.000151,2.904040493,3.6898064615987,-242.687,1683.859,0,0,0,0,0,0,0,0,0,0.4,0.7,1.65
15.799481,1707330000000000,33.636556,-112.284016,-229.272842,1683.576538,0,0,0,0.5667410404,0.566741,-0.000214,2.904002223,3.6898064615987,-242.687,1683.859,0,0,0,0,0,0,0,0,0,0.4,0.7,1.65
15.832739,1707330000000000,33.636557,-112.284022,-229.278641,1683.577881,0,0,0,0.5996980721,0.599698,-0.000294,2.903955897,3.6898064615987,-242.687,1683.859,0,0,0,0,0,0,0,0,0,0.4,0.7,1.65
15.866326,1707330000000000,33.636557,-112.284022,-229.28511,1683.579468,0,0,0,0.6326251239,0.632625,-0.000396,2.903899499,3.6898064615987,-242.687,1683.859,0,0,0,0,0,0,0,0,0,0.4,0.7,1.65
15.900107,1707330000000000,33.636557,-112.284022,-229.292282,1683.581177,0,0,0,0.6665552052,0.666555,-0.000523,2.90383303,3.6898064615987,-242.687,1683.859,0,0,0,0,0,0,0,0,0,0.4,0.7,1.65
15.93296,1707330000000000,33.636557,-112.284022,-229.300171,1683.58313,0,0,0,0.6994893296,0.699489,-0.000679,2.903752461,3.6898064615987,-242.687,1683.859,0,0,0,0,0,0,0,0,0,0.4,0.7,1.65
15.966173,1707330000000000,33.636558,-112.284027,-229.308853,1683.585205,0,0,0,0.7324285131,0.732428,-0.000867,2.903655778,3.6898064615987,-242.687,1683.859,0,0,0,0,0,0,0,0,0,0.4,0.7,1.65
16.001119,1707330000000000,33.636558,-112.284027,-229.318329,1683.587402,0.306539,0.306539,0,0.7663727751,0.766372,-0.00109,2.903547009,3.6898064615987,-242.687,1683.859,0,0,0,0,0,0,0,0,0,0.4,0.7,1.65
16.032903,1707330000000000,33.636558,-112.284027,-229.328659,1683.589966,0.333183,0.333183,0,0.7993221451,0.799321,-0.001353,2.90342011,3.6898064615987,-242.687,1683.859,0,0,0,0,0,0,0,0,0,0.4,0.7,1.65
16.066454,1707330000000000,33.636558,-112.284027,-229.339859,1683.592651,0.360925,0.360925,0,0.8322556555,0.832254,-0.00166,2.903277097,3.6898064615987,-242.687,1683.859,0,0,0,0,0,0,0,0,0,0.4,0.7,1.65
16.100212,1707330000000000,33.636559,-112.284031,-229.35199,1683.595581,0.389798,0.389798,0,0.8661963484,0.866194,-0.002017,2.903115953,3.6898064615987,-242.687,1683.859,0,0,0,0,0,0,0,0,0,0.4,0.7,1.65
16.133839,1707330000000000,33.636559,-112.284031,-229.365051,1683.598755,0.419768,0.419768,0,0.8991432755,0.89914,-0.002427,2.902934665,3.6898064615987,-242.687,1683.859,0,0,0,0,0,0,0,0,0,0.4,0.7,1.65
16.16754,1707330000000000,33.636559,-112.284031,-229.37912,1683.602051,0.450838,0.450838,0,0.9320984958,0.932094,-0.002895,2.902731217,3.6898064615987,-242.687,1683.859,0,0,0,0,0,0,0,0,0,0.4,0.7,1.65
16.200399,1707330000000000,33.636559,-112.284031,-229.394196,1683.605713,0.483039,0.483039,0,0.9660570679,0.966051,-0.003424,2.902507623,3.6898064615987,-242.687,1683.859,0,0,0,0,0,0,0,0,0,0.4,0.7,1.65
16.23308,1707330000000000,33.636551,-112.284041,-229.410339,1683.609619,0.516338,0.516338,0,0.9990210922,0.999013,-0.004021,2.902259853,3.6898064615987,-242.687,1683.859,0,0,0,0,0,0,0,0,0,0.4,0.7,1.65
16.266537,1707330000000000,33.636551,-112.284041,-229.427582,1683.61377,0.550737,0.550737,0,1.031991653,1.031981,-0.004689,2.90198992,3.6898064615987,-242.687,1683.859,0,0,0,0,0,0,0,0,0,0.4,0.7,1.65
16.299978,1707330000000000,33.636551,-112.284041,-229.445953,1683.618164,0.586268,0.586268,0,1.065964851,1.065951,-0.005434,2.90169581,3.6898064615987,-242.687,1683.859,0,0,0,0,0,0,0,0,0,0.4,0.7,1.65
16.334612,1707330000000000,33.636551,-112.284041,-229.4655,1683.622803,0.622897,0.622897,0,1.098944841,1.098927,-0.006262,2.901373491,3.6898064615987,-242.687,1683.859,0,0,0,0,0,0,0,0,0,0.4,0.7,1.65
16.366496,1707330000000000,33.636553,-112.284043,-229.486237,1683.627808,0.660627,0.660627,0,1.131929747,1.131907,-0.007176,2.901026991,3.6898064615987,-242.687,1683.859,0,0,0,0,0,0,0,0,0,0.4,0.7,1.65
16.400794,1707330000000000,33.636553,-112.284043,-229.508224,1683.633179,0.699487,0.699487,0,1.165918724,1.16589,-0.008184,2.900652279,3.6898064615987,-242.687,1683.859,0,0,0,0,0,0,0,0,0,0.4,0.7,1.65
16.433418,1707330000000000,33.636553,-112.284043,-229.531479,1683.638794,0.739448,0.739448,0,1.198914993,1.198879,-0.00929,2.900249354,3.6898064615987,-242.687,1683.859,0,0,0,0,0,0,0,0,0,0.4,0.7,1.65
16.466631,1707330000000000,33.636553,-112.284043,-229.556046,1683.644653,0.780509,0.780509,0,1.231916757,1.231872,-0.010501,2.899818213,3.6898064615987,-242.687,1683.859,0,0,0,0,0,0,0,0,0,0.4,0.7,1.65
16.49991,1707330000000000,33.636555,-112.284045,-229.581955,1683.650879,0.822701,0.822701,0,1.265924211,1.265869,-0.011823,2.899354825,3.6898064615987,-242.687,1683.859,0,0,0,0,0,0,0,0,0,0.4,0.7,1.65
16.533906,1707330000000000,33.636555,-112.284045,-229.609253,1683.657471,0.865993,0.865993,0,1.298938703,1.298871,-0.013262,2.898861201,3.6898064615987,-242.687,1683.859,0,0,0,0,0,0,0,0,0,0.4,0.7,1.65
16.567477,1707330000000000,33.636555,-112.284045,-229.63797,1683.664429,0.910386,0.910386,0,1.331961494,1.331879,-0.014824,2.898337339,3.6898064615987,-242.687,1683.859,0,0,0,0,0,0,0,0,0,0.4,0.7,1.65
16.600057,1707330000000000,33.636555,-112.284045,-229.668137,1683.671753,0.955911,0.955911,0,1.365989862,1.36589,-0.016517,2.897779207,3.6898064615987,-242.687,1683.859,0,0,0,0,0,0,0,0,0,0.4,0.7,1.65
16.633264,1707330000000000,33.636557,-112.284047,-229.699799,1683.679321,1.002535,1.002535,0,1.399028307,1.398908,-0.018347,2.897188815,3.6898064615987,-242.687,1683.859,0,0,0,0,0,0,0,0,0,0.4,0.7,1.65
16.666667,1707330000000000,33.636557,-112.284047,-229.73291,1683.687622,1.049477,1.049477,0,1.431116834,1.430901,-0.024854,2.896447268,3.6898064615987,-242.687,1683.859,0,0,0,0,0,0,0,0,0,0.4,0.7,1.65
16.700029,1707330000000000,33.636557,-112.284047,-229.767563,1683.696289,1.098306,1.098306,0,1.465262597,1.465009,-0.02726,2.895639185,3.6898064615987,-242.687,1683.859,0,0,0,0,0,0,0,0,0,0.4,0.7,1.65
16.733494,1707330000000000,33.636557,-112.284047,-229.803787,1683.705322,1.147623,1.147623,0,1.479958032,1.479658,-0.029799,2.894794786,3.6898064615987,-242.687,1683.859,0,0,0,0,0,0,0,0,0,0.4,0.7,1.65
16.766408,1707330000000000,33.636558,-112.284048,-229.841614,1683.714966,1.19693,1.19693,0,1.479642807,1.479287,-0.032447,2.89391205,3.6898064615987,-242.687,1683.859,0,0,0,0,0,0,0,0,0,0.4,0.7,1.65
16.799902,1707330000000000,33.636558,-112.284048,-229.881012,1683.724854,1.246223,1.246223,0,1.47931699,1.478898,-0.035206,2.89299097,3.6898064615987,-242.687,1683.859,0,0,0,0,0,0,0,0,0,0.4,0.7,1.65
16.83281,1707330000000000,33.636558,-112.284048,-229.921997,1683.735352,1.295502,1.295502,0,1.478980236,1.47849,-0.038077,2.892031539,3.6898064615987,-242.687,1683.859,0,0,0,0,0,0,0,0,0,0.4,0.7,1.65
16.866423,1707330000000000,33.636558,-112.284048,-229.964569,1683.746216,1.34477,1.34477,0,1.478636426,1.478067,-0.041032,2.891035766,3.6898064615987,-242.687,1683.859,0,0,0,0,0,0,0,0,0,0.4,0.7,1.65
16.899582,1707330000000000,33.636559,-112.284049,-230.008713,1683.757446,1.394025,1.394025,0,1.478281986,1.477625,-0.044068,2.890001628,3.6898064615987,-242.687,1683.859,0,0,0,0,0,0,0,0,0,0.4,0.7,1.65
16.933002,1707330000000000,33.636559,-112.284049,-230.054443,1683.769287,1.443266,1.443266,0,1.477919294,1.477166,-0.047181,2.888933149,3.6898064615987,-242.687,1683.859,0,0,0,0,0,0,0,0,0,0.4,0.7,1.65
16.967109,1707330000000000,33.636559,-112.284049,-230.101746,1683.781494,1.492495,1.492495,0,1.47754561,1.476687,-0.050364,2.887828306,3.6898064615987,-242.687,1683.859,0,0,0,0,0,0,0,0,0,0.4,0.7,1.65
17.000078,1707330000000000,33.636559,-112.284049,-230.150635,1683.794189,1.541707,1.541707,0,1.477158581,1.476185,-0.053622,2.886687091,3.6898064615987,-242.687,1683.859,0,0,0,0,0,0,0,0,0,0.4,0.7,1.65
17.032778,1707330000000000,33.63656,-112.28405,-230.20108,1683.807251,1.590904,1.590904,0,1.47676102,1.475663,-0.056937,2.885513528,3.6898064615987,-242.687,1683.859,0,0,0,0,0,0,0,0,0,0.4,0.7,1.65
17.066274,1707330000000000,33.63656,-112.28405,-230.253113,1683.820923,1.640087,1.640087,0,1.476356608,1.475124,-0.060316,2.88430761,3.6898064615987,-242.687,1683.859,0,0,0,0,0,0,0,0,0,0.4,0.7,1.65
17.100141,1707330000000000,33.63656,-112.28405,-230.306702,1683.835083,1.689249,1.689249,0,1.475926815,1.474549,-0.063759,2.883069329,3.6898064615987,-242.687,1683.859,0,0,0,0,0,0,0,0,0,0.4,0.7,1.65
17.133237,1707330000000000,33.63656,-112.28405,-230.361862,1683.849609,1.738395,1.738395,0,1.4754929,1.47396,-0.06724,2.881796659,3.6898064615987,-242.687,1683.859,0,0,0,0,0,0,0,0,0,0.4,0.7,1.65
17.166236,1707330000000000,33.636562,-112.284052,-230.418579,1683.864746,1.787523,1.787523,0,1.475051871,1.473353,-0.070774,2.880495643,3.6898064615987,-242.687,1683.859,0,0,0,0,0,0,0,0,0,0.4,0.7,1.65
17.200113,1707330000000000,33.636562,-112.284052,-230.476868,1683.880371,1.836631,1.836631,0,1.474607715,1.472732,-0.074353,2.879164256,3.6898064615987,-242.687,1683.859,0,0,0,0,0,0,0,0,0,0.4,0.7,1.65
17.232978,1707330000000000,33.636562,-112.284052,-230.536713,1683.896362,1.885719,1.885719,0,1.474163711,1.472101,-0.077957,2.877804507,3.6898064615987,-242.687,1683.859,0,0,0,0,0,0,0,0,0,0.4,0.7,1.65
17.266258,1707330000000000,33.636562,-112.284052,-230.598129,1683.912964,1.934788,1.934788,0,1.473711569,1.471451,-0.081595,2.876416387,3.6898064615987,-242.687,1683.859,0,0,0,0,0,0,0,0,0,0.4,0.7,1.65
17.301538,1707330000000000,33.636562,-112.284053,-230.661087,1683.930176,1.983836,1.983836,0,1.473254972,1.470786,-0.085257,2.874999888,3.6898064615987,-242.687,1683.859,0,0,0,0,0,0,0,0,0,0.4,0.7,1.65
17.333519,1707330000000000,33.636562,-112.284053,-230.725601,1683.947754,2.032863,2.032863,0,1.472798475,1.470112,-0.088916,2.873557019,3.6898064615987,-242.687,1683.859,0,0,0,0,0,0,0,0,0,0.4,0.7,1.65
17.366747,1707330000000000,33.636562,-112.284053,-230.791656,1683.965942,2.081869,2.081869,0,1.472328228,1.469414,-0.09259,2.872091809,3.6898064615987,-242.687,1683.859,0,0,0,0,0,0,0,0,0,0.4,0.7,1.65
17.400153,1707330000000000,33.636562,-112.284053,-230.859268,1683.984619,2.130852,2.130852,0,1.471852561,1.468701,-0.096267,2.870600213,3.6898064615987,-242.687,1683.859,0,0,0,0,0,0,0,0,0,0.4,0.7,1.65
17.433018,1707330000000000,33.636562,-112.284054,-230.928421,1684.003784,2.179813,2.179813,0,1.471374057,1.467978,-0.099911,2.869088277,3.6898064615987,-242.687,1683.859,0,0,0,0,0,0,0,0,0,0.4,0.7,1.65
17.466442,1707330000000000,33.636562,-112.284054,-230.99913,1684.02356,2.228752,2.228752,0,1.470876568,1.467227,-0.103551,2.867553977,3.6898064615987,-242.687,1683.859,0,0,0,0,0,0,0,0,0,0.4,0.7,1.65
17.501338,1707330000000000,33.636562,-112.284054,-231.071365,1684.043945,2.277665,2.277665,0,1.470372229,1.466462,-0.107162,2.865999324,3.6898064615987,-242.687,1683.859,0,0,0,0,0,0,0,0,0,0.4,0.7,1.65
17.533374,1707330000000000,33.636562,-112.284054,-231.145142,1684.064819,2.326555,2.326555,0,1.469863509,1.465689,-0.1107,2.864426328,3.6898064615987,-242.687,1683.859,0,0,0,0,0,0,0,0,0,0.4,0.7,1.65
17.566615,1707330000000000,33.636562,-112.284054,-231.220459,1684.086182,2.37542,2.37542,0,1.469326157,1.464881,-0.114206,2.862834984,3.6898064615987,-242.687,1683.859,0,0,0,0,0,0,0,0,0,0.4,0.7,1.65
17.599767,1707330000000000,33.636562,-112.284054,-231.297302,1684.108276,2.424258,2.424258,0,1.468776149,1.464056,-0.117658,2.861229323,3.6898064615987,-242.687,1683.859,0,0,0,0,0,0,0,0,0,0.4,0.7,1.65
17.633084,1707330000000000,33.636562,-112.284054,-231.375671,1684.130859,2.473071,2.473071,0,1.468220965,1.463227,-0.120994,2.859609341,3.6898064615987,-242.687,1683.859,0,0,0,0,0,0,0,0,0,0.4,0.7,1.65
17.666695,1707330000000000,33.636562,-112.284054,-231.455566,1684.153931,2.521857,2.521857,0,1.467626352,1.462356,-0.124266,2.85797705,3.6898064615987,-242.687,1683.859,0,0,0,0,0,0,0,0,0,0.4,0.7,1.65
17.700622,1707330000000000,33.636562,-112.284054,-231.536987,1684.177734,2.570614,2.570614,0,1.467015593,1.46147,-0.127437,2.856334466,3.6898064615987,-242.687,1683.859,0,0,0,0,0,0,0,0,0,0.4,0.7,1.65
17.733637,1707330000000000,33.636562,-112.284054,-231.619934,1684.202026,2.619344,2.619344,0,1.466394403,1.460582,-0.130433,2.854681585,3.6898064615987,-242.687,1683.859,0,0,0,0,0,0,0,0,0,0.4,0.7,1.65
17.766885,1707330000000000,33.636562,-112.284054,-231.704391,1684.226929,2.668045,2.668045,0,1.465716468,1.459639,-0.133337,2.853024465,3.6898064615987,-242.687,1683.859,0,0,0,0,0,0,0,0,0,0.4,0.7,1.65
17.800604,1707330000000000,33.636562,-112.284054,-231.790375,1684.252441,2.716714,2.716714,0,1.465019065,1.458684,-0.136095,2.851361081,3.6898064615987,-242.687,1683.859,0,0,0,0,0,0,0,0,0,0.4,0.7,1.65
17.833018,1707330000000000,33.636562,-112.284054,-231.877853,1684.278564,2.765355,2.765355,0,1.464302607,1.457727,-0.138615,2.849695474,3.6898064615987,-242.687,1683.859,0,0,0,0,0,0,0,0,0,0.4,0.7,1.65
17.867219,1707330000000000,33.636562,-112.284054,-231.966858,1684.30542,2.813962,2.813962,0,1.463514627,1.456706,-0.141006,2.848029662,3.6898064615987,-242.687,1683.859,0,0,0,0,0,0,0,0,0,0.4,0.7,1.65
17.899331,1707330000000000,33.636562,-112.284054,-232.057358,1684.332764,2.862536,2.862536,0,1.462699895,1.455673,-0.143203,2.846365668,3.6898064615987,-242.687,1683.859,0,0,0,0,0,0,0,0,0,0.4,0.7,1.65
17.934071,1707330000000000,33.636562,-112.284054,-232.149368,1684.360718,2.911078,2.911078,0,1.461855948,1.454637,-0.1451,2.844707534,3.6898064615987,-242.687,1683.859,0,0,0,0,0,0,0,0,0,0.4,0.7,1.65
17.966542,1707330000000000,33.636562,-112.284054,-232.242874,1684.389282,2.959584,2.959584,0,1.460927066,1.453531,-0.146818,2.843055262,3.6898064615987,-242.687,1683.859,0,0,0,0,0,0,0,0,0,0.4,0.7,1.65
17.999184,1707330000000000,33.636562,-112.284054,-232.337891,1684.418579,3.008053,3.008053,0,1.459958149,1.452407,-0.148296,2.841410876,3.6898064615987,-242.687,1683.859,0,0,0,0,0,0,0,0,0,0.4,0.7,1.65
18.032858,1707330000000000,33.636562,-112.284054,-232.434387,1684.448364,3.056486,3.056486,0,1.458954771,1.451286,-0.149392,2.839780446,3.6898064615987,-242.687,1683.859,0,0,0,0,0,0,0,0,0,0.4,0.7,1.65
18.066466,1707330000000000,33.636562,-112.284054,-232.532379,1684.478882,3.104882,3.104882,0,1.45785053,1.450088,-0.150243,2.838166001,3.6898064615987,-242.687,1683.859,0,0,0,0,0,0,0,0,0,0.4,0.7,1.65
18.103799,1707330000000000,33.636562,-112.284054,-232.631866,1684.51001,3.153235,3.153235,0,1.45669177,1.448866,-0.150792,2.836567543,3.6898064615987,-242.687,1683.859,0,0,0,0,0,0,0,0,0,0.4,0.7,1.65
18.133055,1707330000000000,33.636562,-112.284054,-232.732834,1684.54187,3.201551,3.201551,0,1.455485253,1.447644,-0.150878,2.834991151,3.6898064615987,-242.687,1683.859,0,0,0,0,0,0,0,0,0,0.4,0.7,1.65
18.165433,1707330000000000,33.636562,-112.284054,-232.835297,1684.574341,3.249823,3.249823,0,1.454160419,1.446332,-0.150686,2.833438854,3.6898064615987,-242.687,1683.859,0,0,0,0,0,0,0,0,0,0.4,0.7,1.65
18.19818,1707330000000000,33.636562,-112.284054,-232.93924,1684.6073,3.29805,3.29805,0,1.452777104,1.445,-0.150121,2.831912685,3.6898064615987,-242.687,1683.859,0,0,0,0,0,0,0,0,0,0.4,0.7,1.65
18.231756,1707330000000000,33.636562,-112.284054,-233.044662,1684.641113,3.346234,3.346234,0,1.451332574,1.443663,-0.149008,2.830418725,3.6898064615987,-242.687,1683.859,0,0,0,0,0,0,0,0,0,0.4,0.7,1.65
18.265262,1707330000000000,33.636562,-112.284054,-233.151566,1684.675415,3.39437,3.39437,0,1.449758165,1.442229,-0.147561,2.82895901,3.6898064615987,-242.687,1683.859,0,0,0,0,0,0,0,0,0,0.4,0.7,1.65
18.298582,1707330000000000,33.636562,-112.284054,-233.259933,1684.710449,3.442456,3.442456,0,1.448114927,1.440768,-0.145686,2.827535576,3.6898064615987,-242.687,1683.859,0,0,0,0,0,0,0,0,0,0.4,0.7,1.65
18.33191,1707330000000000,33.636562,-112.284054,-233.369781,1684.746094,3.490494,3.490494,0,1.446405372,1.439304,-0.143152,2.826152484,3.6898064615987,-242.687,1683.859,0,0,0,0,0,0,0,0,0,0.4,0.7,1.65
18.364846,1707330000000000,33.636562,-112.284054,-233.48111,1684.782471,3.538479,3.538479,0,1.444556315,1.437734,-0.140228,2.824815823,3.6898064615987,-242.687,1683.859,0,0,0,0,0,0,0,0,0,0.4,0.7,1.65
18.398099,1707330000000000,33.636562,-112.284054,-233.593903,1684.819458,3.586407,3.586407,0,1.442631462,1.436128,-0.136828,2.823525607,3.6898064615987,-242.687,1683.859,0,0,0,0,0,0,0,0,0,0.4,0.7,1.65
18.431507,1707330000000000,33.636562,-112.284054,-233.70816,1684.857056,3.634282,3.634282,0,1.440637246,1.434515,-0.132674,2.822287928,3.6898064615987,-242.687,1683.859,0,0,0,0,0,0,0,0,0,0.4,0.7,1.65
18.466613,1707330000000000,33.636562,-112.284054,-233.823898,1684.895264,3.682098,3.682098,0,1.43850333,1.432788,-0.128103,2.821106852,3.6898064615987,-242.687,1683.859,0,0,0,0,0,0,0,0,0,0.4,0.7,1.65
18.500822,1707330000000000,33.636562,-112.284054,-233.941086,1684.934204,3.729852,3.729852,0,1.436300628,1.431026,-0.12298,2.819982396,3.6898064615987,-242.687,1683.859,0,0,0,0,0,0,0,0,0,0.4,0.7,1.65
18.532378,1707330000000000,33.636562,-112.284054,-234.059753,1684.973633,3.777545,3.777545,0,1.434025173,1.429241,-0.11704,2.818924706,3.6898064615987,-242.687,1683.859,0,0,0,0,0,0,0,0,0,0.4,0.7,1.65
18.564891,1707330000000000,33.636562,-112.284054,-234.179886,1685.013794,3.825172,3.825172,0,1.431628058,1.427347,-0.110632,2.817931772,3.6898064615987,-242.687,1683.859,0,0,0,0,0,0,0,0,0,0.4,0.7,1.65
18.598475,1707330000000000,33.636562,-112.284054,-234.301483,1685.054565,3.872731,3.872731,0,1.429171866,1.42541,-0.103627,2.817011716,3.6898064615987,-242.687,1683.859,0,0,0,0,0,0,0,0,0,0.4,0.7,1.65
18.632748,1707330000000000,33.636562,-112.284054,-234.42453,1685.095947,3.920221,3.920221,0,1.426653753,1.423438,-0.095735,2.816164555,3.6898064615987,-242.687,1683.859,0,0,0,0,0,0,0,0,0,0.4,0.7,1.65
18.666405,1707330000000000,33.636562,-112.284055,-234.549057,1685.137939,3.967638,3.967638,0,1.424042124,1.421359,-0.087376,2.815398412,3.6898064615987,-242.687,1683.859,0,0,0,0,0,0,0,0,0,0.4,0.7,1.65
18.698555,1707330000000000,33.636562,-112.284055,-234.675049,1685.180664,4.014979,4.014979,0,1.421395086,1.419232,-0.078387,2.8147133,3.6898064615987,-242.687,1683.859,0,0,0,0,0,0,0,0,0,0.4,0.7,1.65
18.732122,1707330000000000,33.636562,-112.284055,-234.80249,1685.223755,4.062244,4.062244,0,1.41870946,1.417056,-0.068475,2.81411329,3.6898064615987,-242.687,1683.859,0,0,0,0,0,0,0,0,0,0.4,0.7,1.65
18.765068,1707330000000000,33.636562,-112.284055,-234.931412,1685.267578,4.109429,4.109429,0,1.415976981,1.414785,-0.058088,2.813604474,3.6898064615987,-242.687,1683.859,0,0,0,0,0,0,0,0,0,0.4,0.7,1.65
18.798229,1707330000000000,33.636562,-112.284055,-235.061783,1685.31189,4.15653,4.15653,0,1.413241251,1.412457,-0.047075,2.813186863,3.6898064615987,-242.687,1683.859,0,0,0,0,0,0,0,0,0,0.4,0.7,1.65
18.831587,1707330000000000,33.636562,-112.284055,-235.193634,1685.356812,4.203546,4.203546,0,1.410503844,1.410067,-0.035102,2.812864523,3.6898064615987,-242.687,1683.859,0,0,0,0,0,0,0,0,0,0.4,0.7,1.65
18.868636,1707330000000000,33.636562,-112.284055,-235.32695,1685.402344,4.250475,4.250475,0,1.407777737,1.407595,-0.022682,2.812643543,3.6898064615987,-242.687,1683.859,0,0,0,0,0,0,0,0,0,0.4,0.7,1.65
18.898658,1707330000000000,33.636563,-112.284055,-235.461731,1685.448364,4.297312,4.297312,0,1.405088103,1.405057,-0.009349,2.812525956,3.6898064615987,-242.687,1683.859,0,0,0,0,0,0,0,0,0,0.4,0.7,1.65
18.932544,1707330000000000,33.636563,-112.284055,-235.597977,1685.494873,4.344055,4.344055,0,1.402432801,1.402422,0.005504,2.812517846,3.6898064615987,-242.687,1683.859,0,0,0,0,0,0,0,0,0,0.4,0.7,1.65
18.965342,1707330000000000,33.636563,-112.284055,-235.735703,1685.54187,4.3907,4.3907,0,1.399867933,1.399707,0.021226,2.812625297,3.6898064615987,-242.687,1683.859,0,0,0,0,0,0,0,0,0,0.4,0.7,1.65
18.998562,1707330000000000,33.636563,-112.284055,-235.874893,1685.589478,4.437243,4.437243,0,1.397421662,1.396909,0.037849,2.812856414,3.6898064615987,-242.687,1683.859,0,0,0,0,0,0,0,0,0,0.4,0.7,1.65
19.032041,1707330000000000,33.636563,-112.284055,-236.015579,1685.637451,4.483681,4.483681,0,1.395120633,1.39401,0.055657,2.813211191,3.6898064615987,-242.687,1683.859,0,0,0,0,0,0,0,0,0,0.4,0.7,1.65
19.064998,1707330000000000,33.636563,-112.284055,-236.15773,1685.685913,4.530015,4.530015,0,1.393041953,1.391083,0.073851,2.813697724,3.6898064615987,-242.687,1683.859,0,0,0,0,0,0,0,0,0,0.4,0.7,1.65
19.098816,1707330000000000,33.636563,-112.284055,-236.301361,1685.734741,4.576239,4.576239,0,1.391166747,1.388089,0.092487,2.814311945,3.6898064615987,-242.687,1683.859,0,0,0,0,0,0,0,0,0,0.4,0.7,1.65
19.132144,1707330000000000,33.636563,-112.284055,-236.446487,1685.784058,4.622352,4.622352,0,1.389506582,1.384998,0.111844,2.815059915,3.6898064615987,-242.687,1683.859,0,0,0,0,0,0,0,0,0,0.4,0.7,1.65
19.165377,1707330000000000,33.636563,-112.284055,-236.593094,1685.83374,4.668359,4.668359,0,1.388135983,1.381927,0.131146,2.815937555,3.6898064615987,-242.687,1683.859,0,0,0,0,0,0,0,0,0,0.4,0.7,1.65
19.197922,1707330000000000,33.636563,-112.284055,-236.741196,1685.883789,4.714254,4.714254,0,1.386982367,1.378793,0.150499,2.81694281,3.6898064615987,-242.687,1683.859,0,0,0,0,0,0,0,0,0,0.4,0.7,1.65
19.231089,1707330000000000,33.636563,-112.284055,-236.890793,1685.934204,4.760035,4.760035,0,1.386049979,1.375566,0.170155,2.818075651,3.6898064615987,-242.687,1683.859,0,0,0,0,0,0,0,0,0,0.4,0.7,1.65
19.264775,1707330000000000,33.636563,-112.284055,-237.041901,1685.984985,4.805709,4.805709,0,1.385395541,1.372388,0.189399,2.819334014,3.6898064615987,-242.687,1683.859,0,0,0,0,0,0,0,0,0,0.4,0.7,1.65
19.298491,1707330000000000,33.636563,-112.284056,-237.194504,1686.036011,4.851272,4.851272,0,1.384908053,1.369154,0.208297,2.820711785,3.6898064615987,-242.687,1683.859,0,0,0,0,0,0,0,0,0,0.4,0.7,1.65
19.332341,1707330000000000,33.636563,-112.284056,-237.348618,1686.08728,4.896721,4.896721,0,1.384578076,1.365828,0.227091,2.822202846,3.6898064615987,-242.687,1683.859,0,0,0,0,0,0,0,0,0,0.4,0.7,1.65
19.36464,1707330000000000,33.636563,-112.284056,-237.504242,1686.138794,4.942062,4.942062,0,1.384435549,1.362556,0.245159,2.823807157,3.6898064615987,-242.687,1683.859,0,0,0,0,0,0,0,0,0,0.4,0.7,1.65
19.397777,1707330000000000,33.636563,-112.284056,-237.661377,1686.190674,4.987293,4.987293,0,1.384352464,1.359223,0.262573,2.82551455,3.6898064615987,-242.687,1683.859,0,0,0,0,0,0,0,0,0,0.4,0.7,1.65
19.434278,1707330000000000,33.636563,-112.284056,-237.820038,1686.242676,5.032409,5.032409,0,1.384313935,1.3558,0.27952,2.827320933,3.6898064615987,-242.687,1683.859,0,0,0,0,0,0,0,0,0,0.4,0.7,1.65
19.464455,1707330000000000,33.636563,-112.284056,-237.980209,1686.2948,5.077417,5.077417,0,1.38432393,1.352414,0.295515,2.829218168,3.6898064615987,-242.687,1683.859,0,0,0,0,0,0,0,0,0,0.4,0.7,1.65
19.500343,1707330000000000,33.636563,-112.284056,-238.141907,1686.347168,5.122312,5.122312,0,1.384258374,1.348961,0.310605,2.831202165,3.6898064615987,-242.687,1683.859,0,0,0,0,0,0,0,0,0,0.4,0.7,1.65
19.533645,1707330000000000,33.636563,-112.284056,-238.30513,1686.399658,5.167092,5.167092,0,1.384095204,1.34542,0.324907,2.833262767,3.6898064615987,-242.687,1683.859,0,0,0,0,0,0,0,0,0,0.4,0.7,1.65
19.566201,1707330000000000,33.636563,-112.284056,-238.469894,1686.452271,5.211761,5.211761,0,1.383816976,1.341883,0.338082,2.835391844,3.6898064615987,-242.687,1683.859,0,0,0,0,0,0,0,0,0,0.4,0.7,1.65
19.600939,1707330000000000,33.636563,-112.284056,-238.636169,1686.504883,5.256312,5.256312,0,1.383321444,1.338262,0.35019,2.837585318,3.6898064615987,-242.687,1683.859,0,0,0,0,0,0,0,0,0,0.4,0.7,1.65
19.632156,1707330000000000,33.636563,-112.284056,-238.80397,1686.557739,5.300745,5.300745,0,1.382592235,1.334557,0.361274,2.839831021,3.6898064615987,-242.687,1683.859,0,0,0,0,0,0,0,0,0,0.4,0.7,1.65
19.664516,1707330000000000,33.636563,-112.284056,-238.973312,1686.610596,5.345061,5.345061,0,1.381595849,1.330814,0.371135,2.842124884,3.6898064615987,-242.687,1683.859,0,0,0,0,0,0,0,0,0,0.4,0.7,1.65
19.69875,1707330000000000,33.636563,-112.284057,-239.14418,1686.663574,5.389254,5.389254,0,1.380262008,1.326978,0.379806,2.844456774,3.6898064615987,-242.687,1683.859,0,0,0,0,0,0,0,0,0,0.4,0.7,1.65
19.735951,1707330000000000,33.636563,-112.284057,-239.316574,1686.716431,5.433321,5.433321,0,1.378572454,1.323053,0.387289,2.846818586,3.6898064615987,-242.687,1683.859,0,0,0,0,0,0,0,0,0,0.4,0.7,1.65
19.764721,1707330000000000,33.636563,-112.284057,-239.490494,1686.769409,5.477264,5.477264,0,1.376478289,1.319089,0.393315,2.849202221,3.6898064615987,-242.687,1683.859,0,0,0,0,0,0,0,0,0,0.4,0.7,1.65
19.797751,1707330000000000,33.636563,-112.284057,-239.665939,1686.82251,5.521085,5.521085,0,1.373844288,1.315158,0.39725,2.851595543,3.6898064615987,-242.687,1683.859,0,0,0,0,0,0,0,0,0,0.4,0.7,1.65
19.831155,1707330000000000,33.636564,-112.284058,-239.842911,1686.875488,5.564784,5.564784,0,1.370492614,1.311147,0.398928,2.853988448,3.6898064615987,-242.687,1683.859,0,0,0,0,0,0,0,0,0,0.4,0.7,1.65
19.864199,1707330000000000,33.636564,-112.284058,-240.021393,1686.928467,5.608352,5.608352,0,1.366397709,1.306958,0.398627,2.856364774,3.6898064615987,-242.687,1683.859,0,0,0,0,0,0,0,0,0,0.4,0.7,1.65
19.899809,1707330000000000,33.636564,-112.284058,-240.201401,1686.981445,5.651782,5.651782,0,1.36161451,1.302628,0.396427,2.858716453,3.6898064615987,-242.687,1683.859,0,0,0,0,0,0,0,0,0,0.4,0.7,1.65
19.931635,1707330000000000,33.636564,-112.284058,-240.382919,1687.034302,5.695061,5.695061,0,1.356259087,1.298004,0.393223,2.8610334,3.6898064615987,-242.687,1683.859,0,0,0,0,0,0,0,0,0,0.4,0.7,1.65
19.964644,1707330000000000,33.636564,-112.284059,-240.565948,1687.08728,5.738174,5.738174,0,1.350639529,1.293062,0.390151,2.863315637,3.6898064615987,-242.687,1683.859,0,0,0,0,0,0,0,0,0,0.4,0.7,1.65
19.997884,1707330000000000,33.636564,-112.284059,-240.750473,1687.140259,5.781116,5.781116,0,1.344970148,1.288013,0.387256,2.865561164,3.6898064615987,-242.687,1683.859,0,0,0,0,0,0,0,0,0,0.4,0.7,1.65
20.03209,1707330000000000,33.636564,-112.284059,-240.936493,1687.193115,5.823887,5.823887,0,1.339222971,1.282909,0.384269,2.867776057,3.6898064615987,-242.687,1683.859,0,0,0,0,0,0,0,0,0,0.4,0.7,1.65
20.06458,1707330000000000,33.636564,-112.284059,-241.123993,1687.245972,5.86649,5.86649,0,1.333270112,1.277802,0.380567,2.869954278,3.6898064615987,-242.687,1683.859,0,0,0,0,0,0,0,0,0,0.4,0.7,1.65
20.098829,1707330000000000,33.636564,-112.28406,-241.312973,1687.298828,5.908915,5.908915,0,1.327069359,1.272497,0.376649,2.872095845,3.6898064615987,-242.687,1683.859,0,0,0,0,0,0,0,0,0,0.4,0.7,1.65
20.131786,1707330000000000,33.636564,-112.28406,-241.503433,1687.351562,5.95116,5.95116,0,1.320696822,1.267091,0.372452,2.87419876,3.6898064615987,-242.687,1683.859,0,0,0,0,0,0,0,0,0,0.4,0.7,1.65
20.164714,1707330000000000,33.636564,-112.28406,-241.695358,1687.404419,5.993219,5.993219,0,1.314182439,1.261525,0.36828,2.87626304,3.6898064615987,-242.687,1683.859,0,0,0,0,0,0,0,0,0,0.4,0.7,1.65
20.19801,1707330000000000,33.636564,-112.28406,-241.888748,1687.457153,6.035087,6.035087,0,1.307555874,1.255865,0.364013,2.878290722,3.6898064615987,-242.687,1683.859,0,0,0,0,0,0,0,0,0,0.4,0.7,1.65
20.232301,1707330000000000,33.636565,-112.284061,-242.083572,1687.509888,6.076765,6.076765,0,1.300766782,1.250122,0.359429,2.880279805,3.6898064615987,-242.687,1683.859,0,0,0,0,0,0,0,0,0,0.4,0.7,1.65
20.264772,1707330000000000,33.636565,-112.284061,-242.279861,1687.5625,6.118197,6.118197,0,1.294674751,1.243353,0.36091,2.882246442,3.6898064615987,-242.687,1683.859,0,0,0,0,0,0,0,0,0,0.4,0.7,1.65
20.299082,1707330000000000,33.636565,-112.284061,-242.47757,1687.615234,6.159415,6.159415,0,1.289603181,1.237118,0.364164,2.884214843,3.6898064615987,-242.687,1683.859,0,0,0,0,0,0,0,0,0,0.4,0.7,1.65
20.332103,1707330000000000,33.636565,-112.284061,-242.676697,1687.667847,6.200428,6.200428,0,1.284711138,1.231003,0.367579,2.886187027,3.6898064615987,-242.687,1683.859,0,0,0,0,0,0,0,0,0,0.4,0.7,1.65
20.365,1707330000000000,33.636566,-112.284063,-242.877274,1687.720459,6.241237,6.241237,0,1.279704568,1.224832,0.370716,2.888165009,3.6898064615987,-242.687,1683.859,0,0,0,0,0,0,0,0,0,0.4,0.7,1.65
20.398037,1707330000000000,33.636566,-112.284063,-243.079239,1687.772949,6.281836,6.281836,0,1.274504574,1.218554,0.373481,2.890144758,3.6898064615987,-242.687,1683.859,0,0,0,0,0,0,0,0,0,0.4,0.7,1.65
20.432214,1707330000000000,33.636566,-112.284063,-243.282639,1687.825439,6.322222,6.322222,0,1.269088017,1.212159,0.375839,2.892124259,3.6898064615987,-242.687,1683.859,0,0,0,0,0,0,0,0,0,0.4,0.7,1.65
20.464849,1707330000000000,33.636566,-112.284063,-243.487427,1687.877808,6.362386,6.362386,0,1.263594972,1.205513,0.378696,2.894107546,3.6898064615987,-242.687,1683.859,0,0,0,0,0,0,0,0,0,0.4,0.7,1.65
20.501194,1707330000000000,33.636566,-112.284065,-243.693619,1687.930176,6.402327,6.402327,0,1.258038368,1.198848,0.381345,2.896090588,3.6898064615987,-242.687,1683.859,0,0,0,0,0,0,0,0,0,0.4,0.7,1.65
20.532995,1707330000000000,33.636566,-112.284065,-243.901199,1687.982422,6.442044,6.442044,0,1.252253614,1.192106,0.383435,2.898075402,3.6898064615987,-242.687,1683.859,0,0,0,0,0,0,0,0,0,0.4,0.7,1.65
20.564568,1707330000000000,33.636566,-112.284065,-244.110168,1688.034546,6.481534,6.481534,0,1.246184806,1.185241,0.384942,2.900055946,3.6898064615987,-242.687,1683.859,0,0,0,0,0,0,0,0,0,0.4,0.7,1.65
20.59894,1707330000000000,33.636566,-112.284065,-244.320511,1688.08667,6.520792,6.520792,0,1.239832521,1.178244,0.385909,2.902030209,3.6898064615987,-242.687,1683.859,0,0,0,0,0,0,0,0,0,0.4,0.7,1.65
20.631264,1707330000000000,33.636566,-112.284066,-244.532211,1688.13855,6.559811,6.559811,0,1.233230128,1.171094,0.386517,2.903998195,3.6898064615987,-242.687,1683.859,0,0,0,0,0,0,0,0,0,0.4,0.7,1.65
20.664717,1707330000000000,33.636566,-112.284066,-244.7453,1688.19043,6.59861,6.59861,0,1.225830827,1.164208,0.383772,2.905947824,3.6898064615987,-242.687,1683.859,0,0,0,0,0,0,0,0,0,0.4,0.7,1.65
20.698755,1707330000000000,33.636566,-112.284066,-244.959732,1688.242188,6.637167,6.637167,0,1.217684106,1.156879,0.379981,2.907871049,3.6898064615987,-242.687,1683.859,0,0,0,0,0,0,0,0,0,0.4,0.7,1.65
20.732773,1707330000000000,33.636566,-112.284066,-245.175507,1688.293823,6.675472,6.675472,0,1.209209642,1.149344,0.375761,2.909761841,3.6898064615987,-242.687,1683.859,0,0,0,0,0,0,0,0,0,0.4,0.7,1.65
20.765168,1707330000000000,33.636567,-112.284068,-245.392609,1688.345337,6.713522,6.713522,0,1.200537953,1.141647,0.371394,2.911620212,3.6898064615987,-242.687,1683.859,0,0,0,0,0,0,0,0,0,0.4,0.7,1.65
20.798406,1707330000000000,33.636567,-112.284068,-245.611053,1688.396606,6.751311,6.751311,0,1.191690724,1.133832,0.366813,2.913446175,3.6898064615987,-242.687,1683.859,0,0,0,0,0,0,0,0,0,0.4,0.7,1.65
20.831908,1707330000000000,33.636567,-112.284068,-245.830811,1688.447998,6.788837,6.788837,0,1.182603394,1.125918,0.361745,2.915237728,3.6898064615987,-242.687,1683.859,0,0,0,0,0,0,0,0,0,0.4,0.7,1.65
20.865048,1707330000000000,33.636567,-112.284068,-246.05188,1688.499146,6.826112,6.826112,0,1.172669056,1.118171,0.353336,2.916986832,3.6898064615987,-242.687,1683.859,0,0,0,0,0,0,0,0,0,0.4,0.7,1.65
20.898936,1707330000000000,33.636567,-112.28407,-246.274231,1688.550171,6.863117,6.863117,0,1.162053764,1.110033,0.343796,2.918683439,3.6898064615987,-242.687,1683.859,0,0,0,0,0,0,0,0,0,0.4,0.7,1.65
20.932235,1707330000000000,33.636567,-112.28407,-246.497879,1688.601074,6.899845,6.899845,0,1.151133119,1.101701,0.33371,2.920321528,3.6898064615987,-242.687,1683.859,0,0,0,0,0,0,0,0,0,0.4,0.7,1.65
20.96515,1707330000000000,33.636567,-112.28407,-246.722809,1688.651855,6.936289,6.936289,0,1.140104223,1.093182,0.323714,2.921905141,3.6898064615987,-242.687,1683.859,0,0,0,0,0,0,0,0,0,0.4,0.7,1.65
20.998061,1707330000000000,33.636567,-112.28407,-246.94899,1688.702637,6.972444,6.972444,0,1.129017702,1.084546,0.313753,2.923430269,3.6898064615987,-242.687,1683.859,0,0,0,0,0,0,0,0,0,0.4,0.7,1.65
21.032524,1707330000000000,33.636568,-112.284072,-247.176422,1688.753296,7.008307,7.008307,0,1.117814429,1.075808,0.303556,2.924900951,3.6898064615987,-242.687,1683.859,0,0,0,0,0,0,0,0,0,0.4,0.7,1.65
21.065196,1707330000000000,33.636568,-112.284072,-247.40509,1688.803833,7.043891,7.043891,0,1.105795311,1.067204,0.289584,2.926305132,3.6898064615987,-242.687,1683.859,0,0,0,0,0,0,0,0,0,0.4,0.7,1.65
21.099572,1707330000000000,33.636568,-112.284072,-247.634995,1688.85437,7.079175,7.079175,0,1.093280472,1.05822,0.27465,2.927636792,3.6898064615987,-242.687,1683.859,0,0,0,0,0,0,0,0,0,0.4,0.7,1.65
21.132042,1707330000000000,33.636568,-112.284072,-247.866104,1688.904785,7.114152,7.114152,0,1.080683016,1.049052,0.259549,2.928887902,3.6898064615987,-242.687,1683.859,0,0,0,0,0,0,0,0,0,0.4,0.7,1.65
21.164613,1707330000000000,33.636568,-112.284075,-248.098434,1688.955078,7.148818,7.148818,0,1.068216242,1.039717,0.245101,2.930066525,3.6898064615987,-242.687,1683.859,0,0,0,0,0,0,0,0,0,0.4,0.7,1.65
21.198206,1707330000000000,33.636568,-112.284075,-248.331924,1689.005493,7.183167,7.183167,0,1.055916564,1.030275,0.231286,2.931172674,3.6898064615987,-242.687,1683.859,0,0,0,0,0,0,0,0,0,0.4,0.7,1.65
21.232688,1707330000000000,33.636568,-112.284075,-248.566605,1689.055786,7.217198,7.217198,0,1.043710421,1.020739,0.217769,2.932210383,3.6898064615987,-242.687,1683.859,0,0,0,0,0,0,0,0,0,0.4,0.7,1.65
21.267894,1707330000000000,33.636568,-112.284075,-248.802429,1689.106079,7.250916,7.250916,0,1.031046632,1.011236,0.201144,2.933175644,3.6898064615987,-242.687,1683.859,0,0,0,0,0,0,0,0,0,0.4,0.7,1.65
21.298633,1707330000000000,33.636569,-112.284077,-249.039413,1689.15625,7.284306,7.284306,0,1.018240676,1.001466,0.184065,2.934056402,3.6898064615987,-242.687,1683.859,0,0,0,0,0,0,0,0,0,0.4,0.7,1.65
21.332182,1707330000000000,33.636569,-112.284077,-249.277527,1689.206543,7.317365,7.317365,0,1.005561856,0.991551,0.167276,2.93485669,3.6898064615987,-242.687,1683.859,0,0,0,0,0,0,0,0,0,0.4,0.7,1.65
21.364735,1707330000000000,33.636569,-112.284077,-249.516754,1689.256958,7.350089,7.350089,0,0.9931425,0.981508,0.151572,2.93558054,3.6898064615987,-242.687,1683.859,0,0,0,0,0,0,0,0,0,0.4,0.7,1.65
21.397918,1707330000000000,33.636569,-112.284077,-249.75708,1689.307251,7.382473,7.382473,0,0.9809757192,0.971371,0.136937,2.936231982,3.6898064615987,-242.687,1683.859,0,0,0,0,0,0,0,0,0,0.4,0.7,1.65
